<?xml version="1.0" encoding="UTF-8"?>
<artikli>
	<artikal>
		<id>38525</id>
		<sifra>3023</sifra>
		<naziv><![CDATA[Baterija za LG B2050 950 mAh]]></naziv>
		<kategorija1><![CDATA[OPREMA ZA MOBILNI]]></kategorija1>
		<kategorija2><![CDATA[BATERIJE]]></kategorija2>
		<kategorija3><![CDATA[BATERIJE OUTLET]]></kategorija3>
		<uvoznik>Digital Vision doo</uvoznik>
		<godinaUvoza>2025.</godinaUvoza>
		<zemljaPorekla>Kina</zemljaPorekla>
		<vpCena>235.95</vpCena>
		<mpCena>690.0000</mpCena>
		<dostupan>1</dostupan>
		<naAkciji>1</naAkciji>
		<opis><![CDATA[<p>Standard zamenska baterija za LG.</p><p>Garancija: 6 meseci</p>]]></opis>
		<barKod></barKod>
		<slike>
			<slika><![CDATA[https://digitalvision.rs/p/38/38525/bat-lg-b2050.png]]></slika>
		</slike>
	</artikal>
	<artikal>
		<id>38538</id>
		<sifra>3037</sifra>
		<naziv><![CDATA[Baterija za LG KU800 900 mAh.]]></naziv>
		<kategorija1><![CDATA[OPREMA ZA MOBILNI]]></kategorija1>
		<kategorija2><![CDATA[BATERIJE]]></kategorija2>
		<kategorija3><![CDATA[BATERIJE OUTLET]]></kategorija3>
		<uvoznik>Digital Vision doo</uvoznik>
		<godinaUvoza>2025.</godinaUvoza>
		<zemljaPorekla>Kina</zemljaPorekla>
		<vpCena>121</vpCena>
		<mpCena>690.0000</mpCena>
		<dostupan>1</dostupan>
		<naAkciji>1</naAkciji>
		<opis><![CDATA[<p>Standard zamenska baterija za LG.</p><p>Garancija: 6 meseci</p>]]></opis>
		<barKod></barKod>
		<slike>
			<slika><![CDATA[https://digitalvision.rs/p/38/38538/bat-lg-ku800.png]]></slika>
		</slike>
	</artikal>
	<artikal>
		<id>38547</id>
		<sifra>3045</sifra>
		<naziv><![CDATA[Baterija za Mot E1000 1100 mAh.]]></naziv>
		<kategorija1><![CDATA[OPREMA ZA MOBILNI]]></kategorija1>
		<kategorija2><![CDATA[BATERIJE]]></kategorija2>
		<kategorija3><![CDATA[BATERIJE OUTLET]]></kategorija3>
		<uvoznik>Digital Vision doo</uvoznik>
		<godinaUvoza>2025.</godinaUvoza>
		<zemljaPorekla>Kina</zemljaPorekla>
		<vpCena>121</vpCena>
		<mpCena>690.0000</mpCena>
		<dostupan>1</dostupan>
		<naAkciji>1</naAkciji>
		<opis><![CDATA[<p>Standard zamenska baterija za Motorolu.</p><p>Garancija: 6 meseci</p>]]></opis>
		<barKod></barKod>
		<slike>
			<slika><![CDATA[https://digitalvision.rs/p/38/38547/bat-mot-e1000.png]]></slika>
		</slike>
	</artikal>
	<artikal>
		<id>38560</id>
		<sifra>3058</sifra>
		<naziv><![CDATA[Baterija za Nokia BL-5F (N95/E65) 900 mAh]]></naziv>
		<kategorija1><![CDATA[OPREMA ZA MOBILNI]]></kategorija1>
		<kategorija2><![CDATA[BATERIJE]]></kategorija2>
		<kategorija3><![CDATA[BATERIJE OUTLET]]></kategorija3>
		<uvoznik>Digital Vision doo</uvoznik>
		<godinaUvoza>2025.</godinaUvoza>
		<zemljaPorekla>Kina</zemljaPorekla>
		<vpCena>205.7</vpCena>
		<mpCena>690.0000</mpCena>
		<dostupan>1</dostupan>
		<naAkciji>1</naAkciji>
		<opis><![CDATA[<p>Standard zamenska baterija za Nokiu.</p><p>Garancija: 6 meseci</p>]]></opis>
		<barKod></barKod>
		<slike>
			<slika><![CDATA[https://digitalvision.rs/p/38/38560/bat-nok-bl-5f-n95-e65.png]]></slika>
		</slike>
	</artikal>
	<artikal>
		<id>38564</id>
		<sifra>3062</sifra>
		<naziv><![CDATA[Baterija za Nokia BL-6F (N95 8GB) 1000 mAh]]></naziv>
		<kategorija1><![CDATA[OPREMA ZA MOBILNI]]></kategorija1>
		<kategorija2><![CDATA[BATERIJE]]></kategorija2>
		<kategorija3><![CDATA[BATERIJE OUTLET]]></kategorija3>
		<uvoznik>Digital Vision doo</uvoznik>
		<godinaUvoza>2025.</godinaUvoza>
		<zemljaPorekla>Kina</zemljaPorekla>
		<vpCena>121</vpCena>
		<mpCena>690.0000</mpCena>
		<dostupan>1</dostupan>
		<naAkciji>1</naAkciji>
		<opis><![CDATA[<p>Standard zamenska baterija za Nokiu.</p><p>Garancija: 6 meseci</p>]]></opis>
		<barKod></barKod>
		<slike>
			<slika><![CDATA[https://digitalvision.rs/p/38/38564/bat-nok-bl-6f-n95-8gb.png]]></slika>
		</slike>
	</artikal>
	<artikal>
		<id>38585</id>
		<sifra>3084</sifra>
		<naziv><![CDATA[Baterija za Samsung G810 900 mAh.]]></naziv>
		<kategorija1><![CDATA[OPREMA ZA MOBILNI]]></kategorija1>
		<kategorija2><![CDATA[BATERIJE]]></kategorija2>
		<kategorija3><![CDATA[BATERIJE OUTLET]]></kategorija3>
		<uvoznik>Digital Vision doo</uvoznik>
		<godinaUvoza>2025.</godinaUvoza>
		<zemljaPorekla>Kina</zemljaPorekla>
		<vpCena>108.9</vpCena>
		<mpCena>690.0000</mpCena>
		<dostupan>1</dostupan>
		<naAkciji>1</naAkciji>
		<opis><![CDATA[<p>Standard zamenska baterija za Samsung.</p><p>Garancija: 6 meseci</p>]]></opis>
		<barKod></barKod>
		<slike>
			<slika><![CDATA[https://digitalvision.rs/p/38/38585/bat-sam-g810.png]]></slika>
		</slike>
	</artikal>
	<artikal>
		<id>38586</id>
		<sifra>3085</sifra>
		<naziv><![CDATA[Baterija za Samsung I900 1500 mAh.]]></naziv>
		<kategorija1><![CDATA[OPREMA ZA MOBILNI]]></kategorija1>
		<kategorija2><![CDATA[BATERIJE]]></kategorija2>
		<kategorija3><![CDATA[BATERIJE OUTLET]]></kategorija3>
		<uvoznik>Digital Vision doo</uvoznik>
		<godinaUvoza>2025.</godinaUvoza>
		<zemljaPorekla>Kina</zemljaPorekla>
		<vpCena>181.5</vpCena>
		<mpCena>690.0000</mpCena>
		<dostupan>1</dostupan>
		<naAkciji>1</naAkciji>
		<opis><![CDATA[<p>Standard zamenska baterija za Samsung.</p><p>Garancija: 6 meseci</p>]]></opis>
		<barKod>8605035953455</barKod>
		<slike>
			<slika><![CDATA[https://digitalvision.rs/p/38/38586/bat-sam-i900.png]]></slika>
		</slike>
	</artikal>
	<artikal>
		<id>38605</id>
		<sifra>3104</sifra>
		<naziv><![CDATA[Baterija SE W910/ W380 920 mAh.]]></naziv>
		<kategorija1><![CDATA[OPREMA ZA MOBILNI]]></kategorija1>
		<kategorija2><![CDATA[BATERIJE]]></kategorija2>
		<kategorija3><![CDATA[BATERIJE OUTLET]]></kategorija3>
		<uvoznik>Digital Vision doo</uvoznik>
		<godinaUvoza>2025.</godinaUvoza>
		<zemljaPorekla>Kina</zemljaPorekla>
		<vpCena>121</vpCena>
		<mpCena>690.0000</mpCena>
		<dostupan>1</dostupan>
		<naAkciji>1</naAkciji>
		<opis><![CDATA[<p>Standard zamenska baterija za Sony.</p><p>Garancija: 6 meseci</p>]]></opis>
		<barKod></barKod>
		<slike>
			<slika><![CDATA[https://digitalvision.rs/p/38/38605/bat-se-w910-w380.png]]></slika>
		</slike>
	</artikal>
	<artikal>
		<id>38606</id>
		<sifra>3105</sifra>
		<naziv><![CDATA[Baterija SE za Xperia X1/ X10 (BST-41) 1500 mAh.]]></naziv>
		<kategorija1><![CDATA[OPREMA ZA MOBILNI]]></kategorija1>
		<kategorija2><![CDATA[BATERIJE]]></kategorija2>
		<kategorija3><![CDATA[BATERIJE OUTLET]]></kategorija3>
		<uvoznik>Digital Vision doo</uvoznik>
		<godinaUvoza>2025.</godinaUvoza>
		<zemljaPorekla>Kina</zemljaPorekla>
		<vpCena>211.75</vpCena>
		<mpCena>690.0000</mpCena>
		<dostupan>1</dostupan>
		<naAkciji>1</naAkciji>
		<opis><![CDATA[<p>Standard zamenska baterija za Sony.</p><p>Garancija: 6 meseci</p>]]></opis>
		<barKod>8605035961931</barKod>
		<slike>
			<slika><![CDATA[https://digitalvision.rs/p/38/38606/bat-se-xperia-x1-x10-bst-41.png]]></slika>
		</slike>
	</artikal>
	<artikal>
		<id>38608</id>
		<sifra>3107</sifra>
		<naziv><![CDATA[Baterija Sim A35.]]></naziv>
		<kategorija1><![CDATA[OPREMA ZA MOBILNI]]></kategorija1>
		<kategorija2><![CDATA[BATERIJE]]></kategorija2>
		<kategorija3><![CDATA[BATERIJE OUTLET]]></kategorija3>
		<uvoznik>Digital Vision doo</uvoznik>
		<godinaUvoza>2025.</godinaUvoza>
		<zemljaPorekla>Kina</zemljaPorekla>
		<vpCena>102.85</vpCena>
		<mpCena>690.0000</mpCena>
		<dostupan>1</dostupan>
		<naAkciji>1</naAkciji>
		<opis><![CDATA[<p>Standard zamenska baterija za Siemens.</p><p>Garancija: 6 meseci</p>]]></opis>
		<barKod></barKod>
		<slike>
			<slika><![CDATA[https://digitalvision.rs/p/38/38608/bat-sim-a35.png]]></slika>
		</slike>
	</artikal>
	<artikal>
		<id>38630</id>
		<sifra>3129</sifra>
		<naziv><![CDATA[Baterija za Samsung E700 2950 mAh.]]></naziv>
		<kategorija1><![CDATA[OPREMA ZA MOBILNI]]></kategorija1>
		<kategorija2><![CDATA[BATERIJE]]></kategorija2>
		<kategorija3><![CDATA[BATERIJE OUTLET]]></kategorija3>
		<uvoznik>Digital Vision doo</uvoznik>
		<godinaUvoza>2025.</godinaUvoza>
		<zemljaPorekla>Kina</zemljaPorekla>
		<vpCena>399.3</vpCena>
		<mpCena>690.0000</mpCena>
		<dostupan>1</dostupan>
		<naAkciji>1</naAkciji>
		<opis><![CDATA[<p>Standard zamenska baterija za Samsung.</p><p>Garancija: 6 meseci</p>]]></opis>
		<barKod>8605035824809</barKod>
		<slike>
			<slika><![CDATA[https://digitalvision.rs/p/38/38630/bat-sam-e700.png]]></slika>
		</slike>
	</artikal>
	<artikal>
		<id>39902</id>
		<sifra>4619</sifra>
		<naziv><![CDATA[Servisni kabel Vodafone (ZTE) 225/125.]]></naziv>
		<kategorija1><![CDATA[OPREMA ZA MOBILNI]]></kategorija1>
		<kategorija2><![CDATA[ALATI]]></kategorija2>
		<kategorija3><![CDATA[ALATI OUTLET]]></kategorija3>
		<uvoznik>Digital Vision doo</uvoznik>
		<godinaUvoza>2025.</godinaUvoza>
		<zemljaPorekla>Kina</zemljaPorekla>
		<vpCena>29.04</vpCena>
		<mpCena>.0000</mpCena>
		<dostupan>1</dostupan>
		<naAkciji>1</naAkciji>
		<opis><![CDATA[]]></opis>
		<barKod></barKod>
		<slike>
			<slika><![CDATA[https://digitalvision.rs/p/39/39902/servisni-kabel-vodafone-zte-225-125-1906-113191.png]]></slika>
		</slike>
	</artikal>
	<artikal>
		<id>39990</id>
		<sifra>4732</sifra>
		<naziv><![CDATA[Srafciger T6. Lodestar]]></naziv>
		<kategorija1><![CDATA[OPREMA ZA MOBILNI]]></kategorija1>
		<kategorija2><![CDATA[ALATI]]></kategorija2>
		<kategorija3><![CDATA[SRAFCIGERI]]></kategorija3>
		<uvoznik>Digital Vision doo</uvoznik>
		<godinaUvoza>2025.</godinaUvoza>
		<zemljaPorekla>Kina</zemljaPorekla>
		<vpCena>36.3</vpCena>
		<mpCena>.0000</mpCena>
		<dostupan>1</dostupan>
		<naAkciji>0</naAkciji>
		<opis><![CDATA[]]></opis>
		<barKod></barKod>
		<slike>
			<slika><![CDATA[https://digitalvision.rs/p/39/39990/srafciger-t6-lodestar-2048-47096.png]]></slika>
			<slika><![CDATA[https://digitalvision.rs/p/39/39990/srafciger-t6-lodestar-2048-47097.png]]></slika>
		</slike>
	</artikal>
	<artikal>
		<id>40142</id>
		<sifra>4986</sifra>
		<naziv><![CDATA[Kucni punjac Nokia 6101/ N95]]></naziv>
		<kategorija1><![CDATA[OPREMA ZA MOBILNI]]></kategorija1>
		<kategorija2><![CDATA[PUNJACI ZA TELEFONE]]></kategorija2>
		<kategorija3><![CDATA[KUCNI PUNJACI]]></kategorija3>
		<uvoznik>Digital Vision doo</uvoznik>
		<godinaUvoza>2025.</godinaUvoza>
		<zemljaPorekla>Kina</zemljaPorekla>
		<vpCena>193.6</vpCena>
		<mpCena>350.0000</mpCena>
		<dostupan>1</dostupan>
		<naAkciji>0</naAkciji>
		<opis><![CDATA[<p>Kompatibilnost: Nokia 100, 101, 110, 112, 1200, 1208, 1209, 1616, 1650, 1800, 2220, 2323 Classic, 2330 Classic, 2600 Classic, 2630, 2680 Slide, 2690, 2700 Classic, 2710 Navigation Edition, 2720 Fold, 2730 Classic, 2760, 3109 Classic, 3110 Classic, 3110 Evolve, 3120 Classic, 3250, 3500 Classic, 3600 Slide, 3610 Fold, 3710 Fold, 3720 Classic, 500, 5000, 5030, 5070, 5130 XpressMusic, 5200, 5220, 5228, 5230, 5235, 5250, 5300, 5310, 5320, 5330 XpressMusic, 5500, 5530 XpressMusic, 5610, 5700, 5800 Xpress Music, 600, 6070, 6080, 6085, 6086, 6101, 6103, 6110 Navigator, 6111, 6120 Classic, 6124, 6125, 6131, 6136, 6151, 6210 Navigator, 6212 Classic, 6216 Classic, 6220 Classic, 6233, 6234, 6260 Slide, 6267, 6270, 6280, 6288, 6290, 6300, 6300i, 6301, 6303 Classic, 6303i Classic, 6500 Slide, 6555, 6600 Fold, 6650 Flip, 6700 Classic, 6700 Slide, 6710 Navigator, 6730 Classic, 6760 Slide, 700, 701, 7020, 7070 Prism, 7100 Supernova, 7210 Supernova, 7230 Slide, 7310 Supernova, 7360, 7370, 7373, 7390, 7500 Prism, 7510 Supernova, 7610 Supernova, 8800 Sirocco, C1 00, C2 01, C3 01 Touch and Type, C3 01.5, C5, C6, E50, E51, E6, E61, E61i, E63, E65, E66, E71, E72, E75, E90, N70, N71, N72, N73, N76, N78, N79, N8, N80, N81, N82, N90, N91, N92, N93, N93i, N95, N95 8GB, N96, PT-6, X1 00, X1 01, X2 01, X3, X6, X7</p>]]></opis>
		<barKod>8605035849833</barKod>
		<slike>
			<slika><![CDATA[https://digitalvision.rs/p/40/40142/kp-nok-6101.png]]></slika>
		</slike>
	</artikal>
	<artikal>
		<id>40143</id>
		<sifra>4987</sifra>
		<naziv><![CDATA[Kucni punjac Nokia 7210]]></naziv>
		<kategorija1><![CDATA[OPREMA ZA MOBILNI]]></kategorija1>
		<kategorija2><![CDATA[PUNJACI ZA TELEFONE]]></kategorija2>
		<kategorija3><![CDATA[KUCNI PUNJACI]]></kategorija3>
		<uvoznik>Digital Vision doo</uvoznik>
		<godinaUvoza>2025.</godinaUvoza>
		<zemljaPorekla>Kina</zemljaPorekla>
		<vpCena>193.6</vpCena>
		<mpCena>350.0000</mpCena>
		<dostupan>1</dostupan>
		<naAkciji>0</naAkciji>
		<opis><![CDATA[<p>Kompatibilnost: Nokia 3710f, 5630 XM, 6500c, 6700c, 6700c Illuvial, 7230, 7900 Crystal Prism, 7900 Prism, 8600 Luna, 8800 Arte, 8800 Carbon Arte, 8800 Gold Arte, 8800 Sapphire Arte, C5, E52, E55, E7, E72, E75, N85, N86 8MP, N900, N97, N97 Mini, X3</p>]]></opis>
		<barKod>8605035849826</barKod>
		<slike>
			<slika><![CDATA[https://digitalvision.rs/p/40/40143/kp-nok-7210.png]]></slika>
		</slike>
	</artikal>
	<artikal>
		<id>40147</id>
		<sifra>4991</sifra>
		<naziv><![CDATA[Kucni punjac za Samsung D880]]></naziv>
		<kategorija1><![CDATA[OPREMA ZA MOBILNI]]></kategorija1>
		<kategorija2><![CDATA[PUNJACI ZA TELEFONE]]></kategorija2>
		<kategorija3><![CDATA[KUCNI PUNJACI]]></kategorija3>
		<uvoznik>Digital Vision doo</uvoznik>
		<godinaUvoza>2025.</godinaUvoza>
		<zemljaPorekla>Kina</zemljaPorekla>
		<vpCena>193.6</vpCena>
		<mpCena>350.0000</mpCena>
		<dostupan>1</dostupan>
		<naAkciji>0</naAkciji>
		<opis><![CDATA[<p>Kompatibilnost: Samsung: F200, F210, G600, G800, J700, L760, M110 Solid, P260, P520 Armani</p>]]></opis>
		<barKod>8605035843992</barKod>
		<slike>
			<slika><![CDATA[https://digitalvision.rs/p/40/40147/kp-sam-g600-s5230.png]]></slika>
		</slike>
	</artikal>
	<artikal>
		<id>40148</id>
		<sifra>4992</sifra>
		<naziv><![CDATA[Kucni punjac Samsung G810]]></naziv>
		<kategorija1><![CDATA[OPREMA ZA MOBILNI]]></kategorija1>
		<kategorija2><![CDATA[OUTLET]]></kategorija2>
		<kategorija3><![CDATA[PUNJACI OUTLET]]></kategorija3>
		<uvoznik>Digital Vision doo</uvoznik>
		<godinaUvoza>2025.</godinaUvoza>
		<zemljaPorekla>Kina</zemljaPorekla>
		<vpCena>96.8</vpCena>
		<mpCena>350.0000</mpCena>
		<dostupan>1</dostupan>
		<naAkciji>1</naAkciji>
		<opis><![CDATA[<p>Kompatibilnost: M7600 i8510 I8530 G810 G818E I9000 I9003</p>
<p>Micro USB</p>
<p>Ulaz 100-240V</p>
<p>Izlaz DC 5V-0.5A</p>
<p>Snaga 3W</p>]]></opis>
		<barKod>8605035825356</barKod>
		<slike>
			<slika><![CDATA[https://digitalvision.rs/p/40/40148/kucni-punjac-samsung-g810-2258-201852.png]]></slika>
		</slike>
	</artikal>
	<artikal>
		<id>40153</id>
		<sifra>136b</sifra>
		<naziv><![CDATA[Kucni punjac LG 7020/ 8130 24pin.]]></naziv>
		<kategorija1><![CDATA[OPREMA ZA MOBILNI]]></kategorija1>
		<kategorija2><![CDATA[OUTLET]]></kategorija2>
		<kategorija3><![CDATA[PUNJACI OUTLET]]></kategorija3>
		<uvoznik>Digital Vision doo</uvoznik>
		<godinaUvoza>2025.</godinaUvoza>
		<zemljaPorekla>Kina</zemljaPorekla>
		<vpCena>76.23</vpCena>
		<mpCena>350.0000</mpCena>
		<dostupan>1</dostupan>
		<naAkciji>1</naAkciji>
		<opis><![CDATA[]]></opis>
		<barKod></barKod>
		<slike>
			<slika><![CDATA[https://digitalvision.rs/p/40/40153/kp-lg-7020-8130-24pin.png]]></slika>
		</slike>
	</artikal>
	<artikal>
		<id>40155</id>
		<sifra>4999</sifra>
		<naziv><![CDATA[Kucni punjac LG KG800.]]></naziv>
		<kategorija1><![CDATA[OPREMA ZA MOBILNI]]></kategorija1>
		<kategorija2><![CDATA[OUTLET]]></kategorija2>
		<kategorija3><![CDATA[PUNJACI OUTLET]]></kategorija3>
		<uvoznik>Digital Vision doo</uvoznik>
		<godinaUvoza>2025.</godinaUvoza>
		<zemljaPorekla>Kina</zemljaPorekla>
		<vpCena>76.23</vpCena>
		<mpCena>350.0000</mpCena>
		<dostupan>1</dostupan>
		<naAkciji>1</naAkciji>
		<opis><![CDATA[]]></opis>
		<barKod></barKod>
		<slike>
			<slika><![CDATA[https://digitalvision.rs/p/40/40155/kp-lg-kg800.png]]></slika>
		</slike>
	</artikal>
	<artikal>
		<id>40157</id>
		<sifra>5001</sifra>
		<naziv><![CDATA[Kucni punjac Mot V525.]]></naziv>
		<kategorija1><![CDATA[OPREMA ZA MOBILNI]]></kategorija1>
		<kategorija2><![CDATA[OUTLET]]></kategorija2>
		<kategorija3><![CDATA[PUNJACI OUTLET]]></kategorija3>
		<uvoznik>Digital Vision doo</uvoznik>
		<godinaUvoza>2025.</godinaUvoza>
		<zemljaPorekla>Kina</zemljaPorekla>
		<vpCena>76.23</vpCena>
		<mpCena>350.0000</mpCena>
		<dostupan>1</dostupan>
		<naAkciji>1</naAkciji>
		<opis><![CDATA[]]></opis>
		<barKod>8605036115418</barKod>
		<slike>
			<slika><![CDATA[https://digitalvision.rs/p/40/40157/kp-mot-v525.png]]></slika>
		</slike>
	</artikal>
	<artikal>
		<id>40159</id>
		<sifra>5003</sifra>
		<naziv><![CDATA[Kucni punjac Sim A31.]]></naziv>
		<kategorija1><![CDATA[OPREMA ZA MOBILNI]]></kategorija1>
		<kategorija2><![CDATA[OUTLET]]></kategorija2>
		<kategorija3><![CDATA[PUNJACI OUTLET]]></kategorija3>
		<uvoznik>Digital Vision doo</uvoznik>
		<godinaUvoza>2025.</godinaUvoza>
		<zemljaPorekla>Kina</zemljaPorekla>
		<vpCena>76.23</vpCena>
		<mpCena>350.0000</mpCena>
		<dostupan>1</dostupan>
		<naAkciji>1</naAkciji>
		<opis><![CDATA[]]></opis>
		<barKod></barKod>
		<slike>
			<slika><![CDATA[https://digitalvision.rs/p/40/40159/kp-sim-a31.png]]></slika>
		</slike>
	</artikal>
	<artikal>
		<id>40162</id>
		<sifra>5006</sifra>
		<naziv><![CDATA[Kucni punjac SE K700.]]></naziv>
		<kategorija1><![CDATA[OPREMA ZA MOBILNI]]></kategorija1>
		<kategorija2><![CDATA[OUTLET]]></kategorija2>
		<kategorija3><![CDATA[PUNJACI OUTLET]]></kategorija3>
		<uvoznik>Digital Vision doo</uvoznik>
		<godinaUvoza>2025.</godinaUvoza>
		<zemljaPorekla>Kina</zemljaPorekla>
		<vpCena>77.44</vpCena>
		<mpCena>350.0000</mpCena>
		<dostupan>1</dostupan>
		<naAkciji>1</naAkciji>
		<opis><![CDATA[]]></opis>
		<barKod>8605035991150</barKod>
		<slike>
			<slika><![CDATA[https://digitalvision.rs/p/40/40162/kp-se-k700.png]]></slika>
			<slika><![CDATA[https://digitalvision.rs/p/40/40162/kp-se-k700-2868.png]]></slika>
		</slike>
	</artikal>
	<artikal>
		<id>40163</id>
		<sifra>5007</sifra>
		<naziv><![CDATA[Kucni punjac SE K750]]></naziv>
		<kategorija1><![CDATA[OPREMA ZA MOBILNI]]></kategorija1>
		<kategorija2><![CDATA[OUTLET]]></kategorija2>
		<kategorija3><![CDATA[PUNJACI OUTLET]]></kategorija3>
		<uvoznik>Digital Vision doo</uvoznik>
		<godinaUvoza>2025.</godinaUvoza>
		<zemljaPorekla>Kina</zemljaPorekla>
		<vpCena>96.8</vpCena>
		<mpCena>350.0000</mpCena>
		<dostupan>1</dostupan>
		<naAkciji>1</naAkciji>
		<opis><![CDATA[<p>Kompatibilnost: Sony Ericsson K750 / M608C / M600I / W958C / W950I / W350C / W350I / W760C / W760I</p>
<p>/ W800C / W800I / W810C / W810I / K750C / K750I / W600C / W300C</p>
<p>Ulaz 100-240V</p>
<p>Izlaz DC 5V-0.5A</p>
<p>Snaga 3W</p>]]></opis>
		<barKod>8605035843978</barKod>
		<slike>
			<slika><![CDATA[https://digitalvision.rs/p/40/40163/kucni-punjac-se-k750-2273-201854.png]]></slika>
		</slike>
	</artikal>
	<artikal>
		<id>40170</id>
		<sifra>5014</sifra>
		<naziv><![CDATA[Kucni punjac Sag X5.]]></naziv>
		<kategorija1><![CDATA[OPREMA ZA MOBILNI]]></kategorija1>
		<kategorija2><![CDATA[OUTLET]]></kategorija2>
		<kategorija3><![CDATA[PUNJACI OUTLET]]></kategorija3>
		<uvoznik>Digital Vision doo</uvoznik>
		<godinaUvoza>2025.</godinaUvoza>
		<zemljaPorekla>Kina</zemljaPorekla>
		<vpCena>76.23</vpCena>
		<mpCena>350.0000</mpCena>
		<dostupan>1</dostupan>
		<naAkciji>1</naAkciji>
		<opis><![CDATA[]]></opis>
		<barKod></barKod>
		<slike>
			<slika><![CDATA[https://digitalvision.rs/p/40/40170/kp-sag-x5.png]]></slika>
		</slike>
	</artikal>
	<artikal>
		<id>40172</id>
		<sifra>5016</sifra>
		<naziv><![CDATA[Auto punjac LG KG800.]]></naziv>
		<kategorija1><![CDATA[OPREMA ZA MOBILNI]]></kategorija1>
		<kategorija2><![CDATA[OUTLET]]></kategorija2>
		<kategorija3><![CDATA[PUNJACI OUTLET]]></kategorija3>
		<uvoznik>Digital Vision doo</uvoznik>
		<godinaUvoza>2025.</godinaUvoza>
		<zemljaPorekla>Kina</zemljaPorekla>
		<vpCena>76.23</vpCena>
		<mpCena>300.0000</mpCena>
		<dostupan>1</dostupan>
		<naAkciji>1</naAkciji>
		<opis><![CDATA[<p>Kompatibilan sa sledećim LG telefonima: <br /><br />GB102 / GB130 / GB210 / GB220 / GB250 / GC900 Viewty Smart / GD330 / GM205 / GM310 / HB620-T / KB770 / KC550 Orsay / KC780 Reina / KC91 0 Renoir. / KC910i Renoir / KE360 / KE500 / KE520 / KE590 / KE770 Shine / KE800 Chocolate Platinum / KE810 / KE820 / KE850 Prada Phone / KE970 Shine / KF300 / KF310 / KF350. / KF510 KF600 Venus / KF700 / KF750 Secret / KF900 Prada II / KG90 / KG90c / KG98 / KG130 / KG270 / KG275 / KG280 / KG320 / KG320s / KG328 / KG330. KG350s. / KG375 / KG800 Chocolate / KG810 / KG920 / KM330 / KM380 / KM500 / KM900 Arena / KP100 / KP130 / KP170 / KP230 / KP235 / KP26. 0 / KP. 270 / KP500 Cookie / KP501 / KP550 Rip Curl / KS10 / KS20 / KS360 Etna / KS500 / KT520 / KT610 / KU250 / KU250x / KU311 / KU380. KU385. / KU450 / KU580 / KU800 / KU800 Chocolate / KU950 / KU970 / KU990 Viewty / KU990i / L600V / MG800c / MG810c / MG810d / MX800 / U830.</p>]]></opis>
		<barKod></barKod>
		<slike>
			<slika><![CDATA[https://digitalvision.rs/p/40/40172/ap-lg-kg800.png]]></slika>
		</slike>
	</artikal>
	<artikal>
		<id>40173</id>
		<sifra>5017</sifra>
		<naziv><![CDATA[Auto punjac Samsung D500.]]></naziv>
		<kategorija1><![CDATA[OPREMA ZA MOBILNI]]></kategorija1>
		<kategorija2><![CDATA[OUTLET]]></kategorija2>
		<kategorija3><![CDATA[PUNJACI OUTLET]]></kategorija3>
		<uvoznik>Digital Vision doo</uvoznik>
		<godinaUvoza>2025.</godinaUvoza>
		<zemljaPorekla>Kina</zemljaPorekla>
		<vpCena>76.23</vpCena>
		<mpCena>300.0000</mpCena>
		<dostupan>1</dostupan>
		<naAkciji>1</naAkciji>
		<opis><![CDATA[<p>Auto punjač za Samsung D500 garantuje brzo i pouzdano punjenje, koje će Vam obezbediti nesmetano kori&scaron;ćenje Va&scaron;eg telefona i duži vek njegove baterije.</p>]]></opis>
		<barKod></barKod>
		<slike>
			<slika><![CDATA[https://digitalvision.rs/p/40/40173/ap-sam-d500.png]]></slika>
		</slike>
	</artikal>
	<artikal>
		<id>40178</id>
		<sifra>5022</sifra>
		<naziv><![CDATA[Auto Punjac Nokia 6101.]]></naziv>
		<kategorija1><![CDATA[OPREMA ZA MOBILNI]]></kategorija1>
		<kategorija2><![CDATA[OUTLET]]></kategorija2>
		<kategorija3><![CDATA[PUNJACI OUTLET]]></kategorija3>
		<uvoznik>Digital Vision doo</uvoznik>
		<godinaUvoza>2025.</godinaUvoza>
		<zemljaPorekla>Kina</zemljaPorekla>
		<vpCena>77.44</vpCena>
		<mpCena>300.0000</mpCena>
		<dostupan>1</dostupan>
		<naAkciji>1</naAkciji>
		<opis><![CDATA[<p>Kompatibilan sa:</p>
<p>&nbsp; &nbsp; &nbsp; &nbsp; &nbsp; &nbsp; &nbsp; &nbsp; &nbsp;1200 1208 1209 1616 1650 1680c 1800 2220 2323c 2330c 2600c 2630 2680s 2690 2700c 2710 2720 2730c 2760 3109c 3110c 3110 3120c 3250 3500c 3600s 3610 3710 3720c 5000 5030 5070 5130 5200 5220 5228 5230 5235 5300 5310 5320 5330 5500 5530 5610 5700 5800 6070 6080 6085 6086 6101 6103 6110 6111 6120c 6124 6125 6131 6136 6151 6210 6212c 6216c 6220c 6233 6234 6260s 6267 6270 6280 6288 6290 6300 6300i 6301 6303c 6303ic 6500s 6555 6600 6600s 6600is 6650 6700c 6700s 6710 6730c 6760s 7020 7070 7210 7230s 7310 7360 7370 7373 7390 7500 7510 7610 8800 C100 C3/C5 C6 E50 E51 E61 E61i E63 E65 E66 E71 E72 E75 E90 N70 N71 N72 N73 N76 N78 N79 N80 N81 N82 N90 N91 N92 N93 N93i N95 N95<span>&nbsp; </span>8GB N96 N8 X2 X3 X6 &nbsp; &nbsp;</p>]]></opis>
		<barKod></barKod>
		<slike>
			<slika><![CDATA[https://digitalvision.rs/p/40/40178/ap-nok-6101.png]]></slika>
		</slike>
	</artikal>
	<artikal>
		<id>40180</id>
		<sifra>5024</sifra>
		<naziv><![CDATA[Auto punjac SE K750.]]></naziv>
		<kategorija1><![CDATA[OPREMA ZA MOBILNI]]></kategorija1>
		<kategorija2><![CDATA[OUTLET]]></kategorija2>
		<kategorija3><![CDATA[PUNJACI OUTLET]]></kategorija3>
		<uvoznik>Digital Vision doo</uvoznik>
		<godinaUvoza>2025.</godinaUvoza>
		<zemljaPorekla>Kina</zemljaPorekla>
		<vpCena>76.23</vpCena>
		<mpCena>300.0000</mpCena>
		<dostupan>1</dostupan>
		<naAkciji>1</naAkciji>
		<opis><![CDATA[<p>Kompatibilnost: Sony Ericsson K750 / M608C / M600I / W958C / W950I / W350C / W350I / W760C / W760I / W800C / W800I / W810C / W810I / K750C / K750I / W600C / W300C</p>]]></opis>
		<barKod></barKod>
		<slike>
			<slika><![CDATA[https://digitalvision.rs/p/40/40180/ap-se-k750.png]]></slika>
		</slike>
	</artikal>
	<artikal>
		<id>40189</id>
		<sifra>5058</sifra>
		<naziv><![CDATA[Baterija za Nokia BL-6Q 970 mAh.]]></naziv>
		<kategorija1><![CDATA[OPREMA ZA MOBILNI]]></kategorija1>
		<kategorija2><![CDATA[BATERIJE]]></kategorija2>
		<kategorija3><![CDATA[BATERIJE OUTLET]]></kategorija3>
		<uvoznik>Digital Vision doo</uvoznik>
		<godinaUvoza>2025.</godinaUvoza>
		<zemljaPorekla>Kina</zemljaPorekla>
		<vpCena>223.85</vpCena>
		<mpCena>690.0000</mpCena>
		<dostupan>1</dostupan>
		<naAkciji>1</naAkciji>
		<opis><![CDATA[<p>Standard zamenska baterija za Nokiu.</p><p>Garancija: 6 meseci</p>]]></opis>
		<barKod>8605035961917</barKod>
		<slike>
			<slika><![CDATA[https://digitalvision.rs/p/40/40189/bat-nok-bl-6q.png]]></slika>
		</slike>
	</artikal>
	<artikal>
		<id>40195</id>
		<sifra>5064</sifra>
		<naziv><![CDATA[Baterija za Samsung D820 1200 mAh.]]></naziv>
		<kategorija1><![CDATA[OPREMA ZA MOBILNI]]></kategorija1>
		<kategorija2><![CDATA[BATERIJE]]></kategorija2>
		<kategorija3><![CDATA[BATERIJE OUTLET]]></kategorija3>
		<uvoznik>Digital Vision doo</uvoznik>
		<godinaUvoza>2025.</godinaUvoza>
		<zemljaPorekla>Kina</zemljaPorekla>
		<vpCena>145.2</vpCena>
		<mpCena>690.0000</mpCena>
		<dostupan>1</dostupan>
		<naAkciji>1</naAkciji>
		<opis><![CDATA[<p>Standard zamenska baterija za Samsung.</p><p>Garancija: 6 meseci</p>]]></opis>
		<barKod></barKod>
		<slike>
			<slika><![CDATA[https://digitalvision.rs/p/40/40195/bat-sam-d820.png]]></slika>
		</slike>
	</artikal>
	<artikal>
		<id>40526</id>
		<sifra>5369</sifra>
		<naziv><![CDATA[BGA sito N70, N72, N73, N95.]]></naziv>
		<kategorija1><![CDATA[OPREMA ZA MOBILNI]]></kategorija1>
		<kategorija2><![CDATA[ALATI]]></kategorija2>
		<kategorija3><![CDATA[ALATI OUTLET]]></kategorija3>
		<uvoznik>Digital Vision doo</uvoznik>
		<godinaUvoza>2025.</godinaUvoza>
		<zemljaPorekla>Kina</zemljaPorekla>
		<vpCena>24.2</vpCena>
		<mpCena>.0000</mpCena>
		<dostupan>1</dostupan>
		<naAkciji>1</naAkciji>
		<opis><![CDATA[]]></opis>
		<barKod></barKod>
		<slike>
			<slika><![CDATA[https://digitalvision.rs/p/40/40526/bga-sito-n70-n72-n73-n95-2765-47083.png]]></slika>
		</slike>
	</artikal>
	<artikal>
		<id>40596</id>
		<sifra>5792</sifra>
		<naziv><![CDATA[BNC Connector L .]]></naziv>
		<kategorija1><![CDATA[SECURITY]]></kategorija1>
		<kategorija2><![CDATA[VIDEO NADZOR]]></kategorija2>
		<kategorija3><![CDATA[KONEKTORI I VIDEO BALUNI]]></kategorija3>
		<uvoznik>Digital Vision doo</uvoznik>
		<godinaUvoza>2025.</godinaUvoza>
		<zemljaPorekla>Kina</zemljaPorekla>
		<vpCena>60.5</vpCena>
		<mpCena>65.0000</mpCena>
		<dostupan>1</dostupan>
		<naAkciji>0</naAkciji>
		<opis><![CDATA[]]></opis>
		<barKod>8605035842407</barKod>
		<slike>
			<slika><![CDATA[https://digitalvision.rs/p/40/40596/bnc-connector-l-c.png]]></slika>
		</slike>
	</artikal>
	<artikal>
		<id>40614</id>
		<sifra>5811</sifra>
		<naziv><![CDATA[Baterija za Samsung L310 800 mAh.]]></naziv>
		<kategorija1><![CDATA[OPREMA ZA MOBILNI]]></kategorija1>
		<kategorija2><![CDATA[BATERIJE]]></kategorija2>
		<kategorija3><![CDATA[BATERIJE OUTLET]]></kategorija3>
		<uvoznik>Digital Vision doo</uvoznik>
		<godinaUvoza>2025.</godinaUvoza>
		<zemljaPorekla>Kina</zemljaPorekla>
		<vpCena>108.9</vpCena>
		<mpCena>690.0000</mpCena>
		<dostupan>1</dostupan>
		<naAkciji>1</naAkciji>
		<opis><![CDATA[<p>Standard zamenska baterija za Samsung.</p><p>Garancija: 6 meseci</p>]]></opis>
		<barKod></barKod>
		<slike>
			<slika><![CDATA[https://digitalvision.rs/p/40/40614/bat-sam-l310.png]]></slika>
		</slike>
	</artikal>
	<artikal>
		<id>40630</id>
		<sifra>5962</sifra>
		<naziv><![CDATA[Alat za otvaranje mob. tel. plasticni tanji]]></naziv>
		<kategorija1><![CDATA[OPREMA ZA MOBILNI]]></kategorija1>
		<kategorija2><![CDATA[ALATI]]></kategorija2>
		<kategorija3><![CDATA[ALATI ZA OTVARANJE TELEFONA]]></kategorija3>
		<uvoznik>Digital Vision doo</uvoznik>
		<godinaUvoza>2025.</godinaUvoza>
		<zemljaPorekla>Kina</zemljaPorekla>
		<vpCena>12.1</vpCena>
		<mpCena>.0000</mpCena>
		<dostupan>1</dostupan>
		<naAkciji>0</naAkciji>
		<opis><![CDATA[<p>Alat za otvaranje ekrana. Može otvoriti većinu ekrana mobilnih telefona bez o&scaron;tec&acute;enja.</p>
<p>Dužina: oko 90mm<br /><br />Težina: približno 3,5 g / kom</p>]]></opis>
		<barKod></barKod>
		<slike>
			<slika><![CDATA[https://digitalvision.rs/p/40/40630/alat-za-otvaranje-mob-tel-plasticni-tanji-2912-47086.png]]></slika>
		</slike>
	</artikal>
	<artikal>
		<id>40776</id>
		<sifra>8006</sifra>
		<naziv><![CDATA[Xenon 9006 4300K.]]></naziv>
		<kategorija1><![CDATA[OPREMA ZA MOBILNI]]></kategorija1>
		<kategorija2><![CDATA[OUTLET]]></kategorija2>
		<kategorija3><![CDATA[AUTO OPREMA OUTLET]]></kategorija3>
		<uvoznik>Digital Vision doo</uvoznik>
		<godinaUvoza>2025.</godinaUvoza>
		<zemljaPorekla>Kina</zemljaPorekla>
		<vpCena>1573</vpCena>
		<mpCena>.0000</mpCena>
		<dostupan>1</dostupan>
		<naAkciji>1</naAkciji>
		<opis><![CDATA[]]></opis>
		<barKod></barKod>
		<slike>
			<slika><![CDATA[https://digitalvision.rs/p/40/40776/xenon-9006-4300k.png]]></slika>
		</slike>
	</artikal>
	<artikal>
		<id>40790</id>
		<sifra>8020</sifra>
		<naziv><![CDATA[Baterija EX za Nokia BL-6F.]]></naziv>
		<kategorija1><![CDATA[OPREMA ZA MOBILNI]]></kategorija1>
		<kategorija2><![CDATA[BATERIJE]]></kategorija2>
		<kategorija3><![CDATA[BATERIJE OUTLET]]></kategorija3>
		<uvoznik>Digital Vision doo</uvoznik>
		<godinaUvoza>2025.</godinaUvoza>
		<zemljaPorekla>Kina</zemljaPorekla>
		<vpCena>102.85</vpCena>
		<mpCena>790.0000</mpCena>
		<dostupan>1</dostupan>
		<naAkciji>1</naAkciji>
		<opis><![CDATA[<p>Standard zamenska baterija za Nokiu.</p><p>Garancija: 6 meseci</p>]]></opis>
		<barKod></barKod>
		<slike>
			<slika><![CDATA[https://digitalvision.rs/p/40/40790/baterija-ex-nokia-bl-6f-3123-38828.png]]></slika>
		</slike>
	</artikal>
	<artikal>
		<id>40863</id>
		<sifra>8080</sifra>
		<naziv><![CDATA[Srafciger T4 (crveni)]]></naziv>
		<kategorija1><![CDATA[OPREMA ZA MOBILNI]]></kategorija1>
		<kategorija2><![CDATA[ALATI]]></kategorija2>
		<kategorija3><![CDATA[SRAFCIGERI]]></kategorija3>
		<uvoznik>Digital Vision doo</uvoznik>
		<godinaUvoza>2025.</godinaUvoza>
		<zemljaPorekla>Kina</zemljaPorekla>
		<vpCena>56.87</vpCena>
		<mpCena>.0000</mpCena>
		<dostupan>1</dostupan>
		<naAkciji>0</naAkciji>
		<opis><![CDATA[]]></opis>
		<barKod></barKod>
		<slike>
			<slika><![CDATA[https://digitalvision.rs/p/40/40863/srafciger-t4-crveni-3219-47093.png]]></slika>
		</slike>
	</artikal>
	<artikal>
		<id>40865</id>
		<sifra>8082</sifra>
		<naziv><![CDATA[Sundjer za lemilicu-skidanje kalaja]]></naziv>
		<kategorija1><![CDATA[OPREMA ZA MOBILNI]]></kategorija1>
		<kategorija2><![CDATA[ALATI]]></kategorija2>
		<kategorija3><![CDATA[ZICE ZA CISCENJE KALAJA]]></kategorija3>
		<uvoznik>Digital Vision doo</uvoznik>
		<godinaUvoza>2025.</godinaUvoza>
		<zemljaPorekla>Kina</zemljaPorekla>
		<vpCena>36.3</vpCena>
		<mpCena>.0000</mpCena>
		<dostupan>1</dostupan>
		<naAkciji>0</naAkciji>
		<opis><![CDATA[]]></opis>
		<barKod></barKod>
		<slike>
			<slika><![CDATA[https://digitalvision.rs/p/40/40865/sundjer-za-lemilicu-skidanje-kalaja.png]]></slika>
		</slike>
	</artikal>
	<artikal>
		<id>41137</id>
		<sifra>8388</sifra>
		<naziv><![CDATA[Kabel Samsung E210 (PKT-188).]]></naziv>
		<kategorija1><![CDATA[OPREMA ZA MOBILNI]]></kategorija1>
		<kategorija2><![CDATA[OUTLET]]></kategorija2>
		<kategorija3><![CDATA[DATA KABLOVI OUTLET]]></kategorija3>
		<uvoznik>Digital Vision doo</uvoznik>
		<godinaUvoza>2025.</godinaUvoza>
		<zemljaPorekla>Kina</zemljaPorekla>
		<vpCena>169.4</vpCena>
		<mpCena>250.0000</mpCena>
		<dostupan>1</dostupan>
		<naAkciji>1</naAkciji>
		<opis><![CDATA[<p><span style="font-family: arial, helvetica, sans-serif; font-size: medium;"><span class="Y2IQFc" style="font-family: arial, helvetica, sans-serif;">Kabl za punjenje i prenos podataka</span></span></p>
<p><span style="font-family: arial, helvetica, sans-serif; font-size: medium;">Dužina kabela - 1m</span></p>
<p><span style="font-family: arial, helvetica, sans-serif; font-size: medium;">Boja kabela - crna<br /></span></p>]]></opis>
		<barKod>8605036003043</barKod>
		<slike>
			<slika><![CDATA[https://digitalvision.rs/p/41/41137/data-kabel-sam-e210-pkt-188.png]]></slika>
		</slike>
	</artikal>
	<artikal>
		<id>41198</id>
		<sifra>8455</sifra>
		<naziv><![CDATA[Auto punjac Extreme Nokia 6101]]></naziv>
		<kategorija1><![CDATA[OPREMA ZA MOBILNI]]></kategorija1>
		<kategorija2><![CDATA[OUTLET]]></kategorija2>
		<kategorija3><![CDATA[PUNJACI OUTLET]]></kategorija3>
		<uvoznik>Digital Vision doo</uvoznik>
		<godinaUvoza>2025.</godinaUvoza>
		<zemljaPorekla>Kina</zemljaPorekla>
		<vpCena>96.8</vpCena>
		<mpCena>400.0000</mpCena>
		<dostupan>1</dostupan>
		<naAkciji>1</naAkciji>
		<opis><![CDATA[<p>Kompatibilnost: Nokia 100, 101, 110, 112, 1200, 1208, 1209, 1616, 1650, 1800, 2220, 2323 Classic, 2330 Classic, 2600 Classic, 2630, 2680 Slide, 2690, 2700 Classic, 2710 Navigation Edition, 2720 Fold, 2730 Classic, 2760, 3109 Classic, 3110 Classic, 3110 Evolve, 3120 Classic, 3250, 3500 Classic, 3600 Slide, 3610 Fold, 3710 Fold, 3720 Classic, 500, 5000, 5030, 5070, 5130 XpressMusic, 5200, 5220, 5228, 5230, 5235, 5250, 5300, 5310, 5320, 5330 XpressMusic, 5500, 5530 XpressMusic, 5610, 5700, 5800 Xpress Music, 600, 6070, 6080, 6085, 6086, 6101, 6103, 6110 Navigator, 6111, 6120 Classic, 6124, 6125, 6131, 6136, 6151, 6210 Navigator, 6212 Classic, 6216 Classic, 6220 Classic, 6233, 6234, 6260 Slide, 6267, 6270, 6280, 6288, 6290, 6300, 6300i, 6301, 6303 Classic, 6303i Classic, 6500 Slide, 6555, 6600 Fold, 6650 Flip, 6700 Classic, 6700 Slide, 6710 Navigator, 6730 Classic, 6760 Slide, 700, 701, 7020, 7070 Prism, 7100 Supernova, 7210 Supernova, 7230 Slide, 7310 Supernova, 7360, 7370, 7373, 7390, 7500 Prism, 7510 Supernova, 7610 Supernova, 8800 Sirocco, C1 00, C2 01, C3 01 Touch and Type, C3 01.5, C5, C6, E50, E51, E6, E61, E61i, E63, E65, E66, E71, E72, E75, E90, N70, N71, N72, N73, N76, N78, N79, N8, N80, N81, N82, N90, N91, N92, N93, N93i, N95, N95 8GB, N96, PT-6, X1 00, X1 01, X2 01, X3, X6, X7</p>]]></opis>
		<barKod>8605035966288</barKod>
		<slike>
			<slika><![CDATA[https://digitalvision.rs/p/41/41198/ap-extreme-nok-6101.png]]></slika>
		</slike>
	</artikal>
	<artikal>
		<id>41199</id>
		<sifra>8456</sifra>
		<naziv><![CDATA[Baterija B.Berry 7290 900 mAh.]]></naziv>
		<kategorija1><![CDATA[OPREMA ZA MOBILNI]]></kategorija1>
		<kategorija2><![CDATA[BATERIJE]]></kategorija2>
		<kategorija3><![CDATA[BATERIJE OUTLET]]></kategorija3>
		<uvoznik>Digital Vision doo</uvoznik>
		<godinaUvoza>2025.</godinaUvoza>
		<zemljaPorekla>Kina</zemljaPorekla>
		<vpCena>108.9</vpCena>
		<mpCena>690.0000</mpCena>
		<dostupan>1</dostupan>
		<naAkciji>1</naAkciji>
		<opis><![CDATA[<p>Standard zamenska baterija.</p><p>Garancija: 6 meseci</p>]]></opis>
		<barKod></barKod>
		<slike>
			<slika><![CDATA[https://digitalvision.rs/p/41/41199/bat-bberry-7290.png]]></slika>
		</slike>
	</artikal>
	<artikal>
		<id>41316</id>
		<sifra>8574</sifra>
		<naziv><![CDATA[Baterija za Samsung D840 1200 mAh.]]></naziv>
		<kategorija1><![CDATA[OPREMA ZA MOBILNI]]></kategorija1>
		<kategorija2><![CDATA[BATERIJE]]></kategorija2>
		<kategorija3><![CDATA[BATERIJE OUTLET]]></kategorija3>
		<uvoznik>Digital Vision doo</uvoznik>
		<godinaUvoza>2025.</godinaUvoza>
		<zemljaPorekla>Kina</zemljaPorekla>
		<vpCena>151.25</vpCena>
		<mpCena>690.0000</mpCena>
		<dostupan>1</dostupan>
		<naAkciji>1</naAkciji>
		<opis><![CDATA[<p>Standard zamenska baterija za Samsung.</p><p>Garancija: 6 meseci</p>]]></opis>
		<barKod></barKod>
		<slike>
			<slika><![CDATA[https://digitalvision.rs/p/41/41316/bat-sam-d840.png]]></slika>
		</slike>
	</artikal>
	<artikal>
		<id>41578</id>
		<sifra>8790</sifra>
		<naziv><![CDATA[Kabel VGA 3m]]></naziv>
		<kategorija1><![CDATA[RACUNARSKA OPREMA]]></kategorija1>
		<kategorija2><![CDATA[ADAPTERI I KABLOVI]]></kategorija2>
		<kategorija3><![CDATA[AUDIO I VIDEO]]></kategorija3>
		<uvoznik>Digital Vision doo</uvoznik>
		<godinaUvoza>2025.</godinaUvoza>
		<zemljaPorekla>Kina</zemljaPorekla>
		<vpCena>484</vpCena>
		<mpCena>.0000</mpCena>
		<dostupan>1</dostupan>
		<naAkciji>0</naAkciji>
		<opis><![CDATA[]]></opis>
		<barKod>8605035816644</barKod>
		<slike>
			<slika><![CDATA[https://digitalvision.rs/p/41/41578/kabel-vga-15m-3-mts-c.png]]></slika>
		</slike>
	</artikal>
	<artikal>
		<id>41598</id>
		<sifra>8800</sifra>
		<naziv><![CDATA[Kabel HDMI na DVI (24+1) 5m .]]></naziv>
		<kategorija1><![CDATA[RACUNARSKA OPREMA]]></kategorija1>
		<kategorija2><![CDATA[ADAPTERI I KABLOVI]]></kategorija2>
		<kategorija3><![CDATA[HDMI]]></kategorija3>
		<uvoznik>Digital Vision doo</uvoznik>
		<godinaUvoza>2025.</godinaUvoza>
		<zemljaPorekla>Kina</zemljaPorekla>
		<vpCena>471.9</vpCena>
		<mpCena>1200.0000</mpCena>
		<dostupan>1</dostupan>
		<naAkciji>0</naAkciji>
		<opis><![CDATA[]]></opis>
		<barKod>4555654546856</barKod>
		<slike>
			<slika><![CDATA[https://digitalvision.rs/p/41/41598/kabel-hdmi-a-digital-241-5m-c.png]]></slika>
		</slike>
	</artikal>
	<artikal>
		<id>41647</id>
		<sifra>8834</sifra>
		<naziv><![CDATA[Handsfree Extreme SE Walkman.]]></naziv>
		<kategorija1><![CDATA[OPREMA ZA MOBILNI]]></kategorija1>
		<kategorija2><![CDATA[OUTLET]]></kategorija2>
		<kategorija3><![CDATA[SLUSALICE OUTLET]]></kategorija3>
		<uvoznik>Digital Vision doo</uvoznik>
		<godinaUvoza>2025.</godinaUvoza>
		<zemljaPorekla>Kina</zemljaPorekla>
		<vpCena>66.55</vpCena>
		<mpCena>500.0000</mpCena>
		<dostupan>1</dostupan>
		<naAkciji>1</naAkciji>
		<opis><![CDATA[slusalice <br>slusalica]]></opis>
		<barKod></barKod>
		<slike>
			<slika><![CDATA[https://digitalvision.rs/p/41/41647/handsfree-extreme-se-walkman.png]]></slika>
		</slike>
	</artikal>
	<artikal>
		<id>41909</id>
		<sifra>9238</sifra>
		<naziv><![CDATA[DC connector 12V .]]></naziv>
		<kategorija1><![CDATA[SECURITY]]></kategorija1>
		<kategorija2><![CDATA[VIDEO NADZOR]]></kategorija2>
		<kategorija3><![CDATA[KONEKTORI I VIDEO BALUNI]]></kategorija3>
		<uvoznik>Digital Vision doo</uvoznik>
		<godinaUvoza>2025.</godinaUvoza>
		<zemljaPorekla>Kina</zemljaPorekla>
		<vpCena>60.5</vpCena>
		<mpCena>65.0000</mpCena>
		<dostupan>1</dostupan>
		<naAkciji>0</naAkciji>
		<opis><![CDATA[]]></opis>
		<barKod>8605035842414</barKod>
		<slike>
			<slika><![CDATA[https://digitalvision.rs/p/41/41909/dc-connector-12v-c.png]]></slika>
		</slike>
	</artikal>
	<artikal>
		<id>41987</id>
		<sifra>9317</sifra>
		<naziv><![CDATA[Srafciger Torex T5 mali crni]]></naziv>
		<kategorija1><![CDATA[OPREMA ZA MOBILNI]]></kategorija1>
		<kategorija2><![CDATA[ALATI]]></kategorija2>
		<kategorija3><![CDATA[SRAFCIGERI]]></kategorija3>
		<uvoznik>Digital Vision doo</uvoznik>
		<godinaUvoza>2025.</godinaUvoza>
		<zemljaPorekla>Kina</zemljaPorekla>
		<vpCena>36.3</vpCena>
		<mpCena>.0000</mpCena>
		<dostupan>1</dostupan>
		<naAkciji>0</naAkciji>
		<opis><![CDATA[]]></opis>
		<barKod>8605035886579</barKod>
		<slike>
			<slika><![CDATA[https://digitalvision.rs/p/41/41987/srafciger-torex-t5-mali-crni.png]]></slika>
		</slike>
	</artikal>
	<artikal>
		<id>41988</id>
		<sifra>9318</sifra>
		<naziv><![CDATA[Srafciger Torex T6 mali crni]]></naziv>
		<kategorija1><![CDATA[OPREMA ZA MOBILNI]]></kategorija1>
		<kategorija2><![CDATA[ALATI]]></kategorija2>
		<kategorija3><![CDATA[SRAFCIGERI]]></kategorija3>
		<uvoznik>Digital Vision doo</uvoznik>
		<godinaUvoza>2025.</godinaUvoza>
		<zemljaPorekla>Kina</zemljaPorekla>
		<vpCena>36.3</vpCena>
		<mpCena>.0000</mpCena>
		<dostupan>1</dostupan>
		<naAkciji>0</naAkciji>
		<opis><![CDATA[]]></opis>
		<barKod>8605036062897</barKod>
		<slike>
			<slika><![CDATA[https://digitalvision.rs/p/41/41988/srafciger-torex-t6-mali-crni.png]]></slika>
		</slike>
	</artikal>
	<artikal>
		<id>42196</id>
		<sifra>9867</sifra>
		<naziv><![CDATA[Baterija za LG KP500 700 mAh.]]></naziv>
		<kategorija1><![CDATA[OPREMA ZA MOBILNI]]></kategorija1>
		<kategorija2><![CDATA[BATERIJE]]></kategorija2>
		<kategorija3><![CDATA[BATERIJE OUTLET]]></kategorija3>
		<uvoznik>Digital Vision doo</uvoznik>
		<godinaUvoza>2025.</godinaUvoza>
		<zemljaPorekla>Kina</zemljaPorekla>
		<vpCena>193.6</vpCena>
		<mpCena>690.0000</mpCena>
		<dostupan>1</dostupan>
		<naAkciji>1</naAkciji>
		<opis><![CDATA[<p>Standard zamenska baterija za LG.</p><p>Garancija: 6 meseci</p>]]></opis>
		<barKod></barKod>
		<slike>
			<slika><![CDATA[https://digitalvision.rs/p/42/42196/bat-lg-kp500.png]]></slika>
		</slike>
	</artikal>
	<artikal>
		<id>42260</id>
		<sifra>1034</sifra>
		<naziv><![CDATA[BGA sito Nok 6700/6720.]]></naziv>
		<kategorija1><![CDATA[OPREMA ZA MOBILNI]]></kategorija1>
		<kategorija2><![CDATA[ALATI]]></kategorija2>
		<kategorija3><![CDATA[ALATI OUTLET]]></kategorija3>
		<uvoznik>Digital Vision doo</uvoznik>
		<godinaUvoza>2025.</godinaUvoza>
		<zemljaPorekla>Kina</zemljaPorekla>
		<vpCena>24.2</vpCena>
		<mpCena>.0000</mpCena>
		<dostupan>1</dostupan>
		<naAkciji>1</naAkciji>
		<opis><![CDATA[]]></opis>
		<barKod></barKod>
		<slike>
			<slika><![CDATA[https://digitalvision.rs/p/42/42260/bga-sito-nok-6700-6720-5185-47084.png]]></slika>
		</slike>
	</artikal>
	<artikal>
		<id>42261</id>
		<sifra>1035</sifra>
		<naziv><![CDATA[BGA sito Nok X3/X6/N86.]]></naziv>
		<kategorija1><![CDATA[OPREMA ZA MOBILNI]]></kategorija1>
		<kategorija2><![CDATA[ALATI]]></kategorija2>
		<kategorija3><![CDATA[ALATI OUTLET]]></kategorija3>
		<uvoznik>Digital Vision doo</uvoznik>
		<godinaUvoza>2025.</godinaUvoza>
		<zemljaPorekla>Kina</zemljaPorekla>
		<vpCena>24.2</vpCena>
		<mpCena>.0000</mpCena>
		<dostupan>1</dostupan>
		<naAkciji>1</naAkciji>
		<opis><![CDATA[]]></opis>
		<barKod></barKod>
		<slike>
			<slika><![CDATA[https://digitalvision.rs/p/42/42261/bga-sito-nok-x3-x6-n86-5186-47087.png]]></slika>
		</slike>
	</artikal>
	<artikal>
		<id>42274</id>
		<sifra>1049</sifra>
		<naziv><![CDATA[Baterija Pan VS2/ VS3 650 mAh.]]></naziv>
		<kategorija1><![CDATA[OPREMA ZA MOBILNI]]></kategorija1>
		<kategorija2><![CDATA[BATERIJE]]></kategorija2>
		<kategorija3><![CDATA[BATERIJE OUTLET]]></kategorija3>
		<uvoznik>Digital Vision doo</uvoznik>
		<godinaUvoza>2025.</godinaUvoza>
		<zemljaPorekla>Kina</zemljaPorekla>
		<vpCena>145.2</vpCena>
		<mpCena>690.0000</mpCena>
		<dostupan>1</dostupan>
		<naAkciji>1</naAkciji>
		<opis><![CDATA[<p>Standard zamenska baterija.</p><p>Garancija: 6 meseci</p>]]></opis>
		<barKod></barKod>
		<slike>
			<slika><![CDATA[https://digitalvision.rs/p/42/42274/bat-pan-vs2-vs3.png]]></slika>
		</slike>
	</artikal>
	<artikal>
		<id>42276</id>
		<sifra>1051</sifra>
		<naziv><![CDATA[Baterija za LG KG800 bela 800 mAh.]]></naziv>
		<kategorija1><![CDATA[OPREMA ZA MOBILNI]]></kategorija1>
		<kategorija2><![CDATA[BATERIJE]]></kategorija2>
		<kategorija3><![CDATA[BATERIJE OUTLET]]></kategorija3>
		<uvoznik>Digital Vision doo</uvoznik>
		<godinaUvoza>2025.</godinaUvoza>
		<zemljaPorekla>Kina</zemljaPorekla>
		<vpCena>121</vpCena>
		<mpCena>690.0000</mpCena>
		<dostupan>1</dostupan>
		<naAkciji>1</naAkciji>
		<opis><![CDATA[<p>Standard zamenska baterija za LG.</p><p>Garancija: 6 meseci</p>]]></opis>
		<barKod></barKod>
		<slike>
			<slika><![CDATA[https://digitalvision.rs/p/42/42276/bat-lg-kg800-bela.png]]></slika>
		</slike>
	</artikal>
	<artikal>
		<id>42277</id>
		<sifra>1052</sifra>
		<naziv><![CDATA[Baterija za LG KG800 pink 800 mAh.]]></naziv>
		<kategorija1><![CDATA[OPREMA ZA MOBILNI]]></kategorija1>
		<kategorija2><![CDATA[BATERIJE]]></kategorija2>
		<kategorija3><![CDATA[BATERIJE OUTLET]]></kategorija3>
		<uvoznik>Digital Vision doo</uvoznik>
		<godinaUvoza>2025.</godinaUvoza>
		<zemljaPorekla>Kina</zemljaPorekla>
		<vpCena>121</vpCena>
		<mpCena>690.0000</mpCena>
		<dostupan>1</dostupan>
		<naAkciji>1</naAkciji>
		<opis><![CDATA[<p>Standard zamenska baterija za LG.</p><p>Garancija: 6 meseci</p>]]></opis>
		<barKod></barKod>
		<slike>
			<slika><![CDATA[https://digitalvision.rs/p/42/42277/bat-lg-kg800-pink.png]]></slika>
		</slike>
	</artikal>
	<artikal>
		<id>42318</id>
		<sifra>1081</sifra>
		<naziv><![CDATA[Kabel S-video to S-video 1,5m .]]></naziv>
		<kategorija1><![CDATA[RACUNARSKA OPREMA]]></kategorija1>
		<kategorija2><![CDATA[ADAPTERI I KABLOVI]]></kategorija2>
		<kategorija3><![CDATA[OUTLET]]></kategorija3>
		<uvoznik>Digital Vision doo</uvoznik>
		<godinaUvoza>2025.</godinaUvoza>
		<zemljaPorekla>Kina</zemljaPorekla>
		<vpCena>36.3</vpCena>
		<mpCena>.0000</mpCena>
		<dostupan>1</dostupan>
		<naAkciji>1</naAkciji>
		<opis><![CDATA[]]></opis>
		<barKod></barKod>
		<slike>
			<slika><![CDATA[https://digitalvision.rs/p/42/42318/kabel-s-video-to-s-video-1-5m-c.png]]></slika>
		</slike>
	</artikal>
	<artikal>
		<id>42326</id>
		<sifra>1085</sifra>
		<naziv><![CDATA[Kabel VGA 20m]]></naziv>
		<kategorija1><![CDATA[RACUNARSKA OPREMA]]></kategorija1>
		<kategorija2><![CDATA[ADAPTERI I KABLOVI]]></kategorija2>
		<kategorija3><![CDATA[OUTLET]]></kategorija3>
		<uvoznik>Digital Vision doo</uvoznik>
		<godinaUvoza>2025.</godinaUvoza>
		<zemljaPorekla>Kina</zemljaPorekla>
		<vpCena>605</vpCena>
		<mpCena>.0000</mpCena>
		<dostupan>1</dostupan>
		<naAkciji>1</naAkciji>
		<opis><![CDATA[]]></opis>
		<barKod>8605036290689</barKod>
		<slike>
			<slika><![CDATA[https://digitalvision.rs/p/42/42326/kabel-vga-15m-20mts-c.png]]></slika>
		</slike>
	</artikal>
	<artikal>
		<id>42354</id>
		<sifra>115</sifra>
		<naziv><![CDATA[Handsfree Extreme Nokia 5610.]]></naziv>
		<kategorija1><![CDATA[OPREMA ZA MOBILNI]]></kategorija1>
		<kategorija2><![CDATA[OUTLET]]></kategorija2>
		<kategorija3><![CDATA[SLUSALICE OUTLET]]></kategorija3>
		<uvoznik>Digital Vision doo</uvoznik>
		<godinaUvoza>2025.</godinaUvoza>
		<zemljaPorekla>Kina</zemljaPorekla>
		<vpCena>66.55</vpCena>
		<mpCena>500.0000</mpCena>
		<dostupan>1</dostupan>
		<naAkciji>1</naAkciji>
		<opis><![CDATA[slusalice <br>slusalica]]></opis>
		<barKod>8605026303948</barKod>
		<slike>
			<slika><![CDATA[https://digitalvision.rs/p/42/42354/handsfree-extreme-nok-5610-5314-20920.png]]></slika>
		</slike>
	</artikal>
	<artikal>
		<id>42367</id>
		<sifra>1127</sifra>
		<naziv><![CDATA[Drzac iPhone 3G/3GS beli.]]></naziv>
		<kategorija1><![CDATA[OPREMA ZA MOBILNI]]></kategorija1>
		<kategorija2><![CDATA[OUTLET]]></kategorija2>
		<kategorija3><![CDATA[DRZACI OUTLET]]></kategorija3>
		<uvoznik>Digital Vision doo</uvoznik>
		<godinaUvoza>2025.</godinaUvoza>
		<zemljaPorekla>Kina</zemljaPorekla>
		<vpCena>108.9</vpCena>
		<mpCena>1200.0000</mpCena>
		<dostupan>1</dostupan>
		<naAkciji>1</naAkciji>
		<opis><![CDATA[]]></opis>
		<barKod></barKod>
		<slike>
			<slika><![CDATA[https://digitalvision.rs/p/42/42367/docking-station-iphone-3g-3gs-beli.png]]></slika>
		</slike>
	</artikal>
	<artikal>
		<id>42368</id>
		<sifra>1128</sifra>
		<naziv><![CDATA[Drzac iPhone 3G/3GS crni.]]></naziv>
		<kategorija1><![CDATA[OPREMA ZA MOBILNI]]></kategorija1>
		<kategorija2><![CDATA[OUTLET]]></kategorija2>
		<kategorija3><![CDATA[DRZACI OUTLET]]></kategorija3>
		<uvoznik>Digital Vision doo</uvoznik>
		<godinaUvoza>2025.</godinaUvoza>
		<zemljaPorekla>Kina</zemljaPorekla>
		<vpCena>108.9</vpCena>
		<mpCena>1200.0000</mpCena>
		<dostupan>1</dostupan>
		<naAkciji>1</naAkciji>
		<opis><![CDATA[]]></opis>
		<barKod></barKod>
		<slike>
			<slika><![CDATA[https://digitalvision.rs/p/42/42368/docking-station-iphone-3g-3gs-crni.png]]></slika>
		</slike>
	</artikal>
	<artikal>
		<id>42381</id>
		<sifra>1164</sifra>
		<naziv><![CDATA[Auto punjac Extreme SE K750.]]></naziv>
		<kategorija1><![CDATA[OPREMA ZA MOBILNI]]></kategorija1>
		<kategorija2><![CDATA[OUTLET]]></kategorija2>
		<kategorija3><![CDATA[PUNJACI OUTLET]]></kategorija3>
		<uvoznik>Digital Vision doo</uvoznik>
		<godinaUvoza>2025.</godinaUvoza>
		<zemljaPorekla>Kina</zemljaPorekla>
		<vpCena>76.23</vpCena>
		<mpCena>400.0000</mpCena>
		<dostupan>1</dostupan>
		<naAkciji>1</naAkciji>
		<opis><![CDATA[<p>Kompatibilnost: Sony Ericsson K750 / M608C / M600I / W958C / W950I / W350C / W350I / W760C / W760I / W800C / W800I / W810C / W810I / K750C / K750I / W600C / W300C</p>]]></opis>
		<barKod></barKod>
		<slike>
			<slika><![CDATA[https://digitalvision.rs/p/42/42381/ap-extreme-se-k750.png]]></slika>
		</slike>
	</artikal>
	<artikal>
		<id>42382</id>
		<sifra>1165</sifra>
		<naziv><![CDATA[Auto punjac Extreme Samsung G600.]]></naziv>
		<kategorija1><![CDATA[OPREMA ZA MOBILNI]]></kategorija1>
		<kategorija2><![CDATA[OUTLET]]></kategorija2>
		<kategorija3><![CDATA[PUNJACI OUTLET]]></kategorija3>
		<uvoznik>Digital Vision doo</uvoznik>
		<godinaUvoza>2025.</godinaUvoza>
		<zemljaPorekla>Kina</zemljaPorekla>
		<vpCena>76.23</vpCena>
		<mpCena>400.0000</mpCena>
		<dostupan>1</dostupan>
		<naAkciji>1</naAkciji>
		<opis><![CDATA[<p>Kompatibilnost: Samsung: F200, F210, G600, G800, J700, L760, M110 Solid, P260, P520 Armani</p>]]></opis>
		<barKod>8605035903122</barKod>
		<slike>
			<slika><![CDATA[https://digitalvision.rs/p/42/42382/ap-extreme-sam-g600.png]]></slika>
		</slike>
	</artikal>
	<artikal>
		<id>42929</id>
		<sifra>1685</sifra>
		<naziv><![CDATA[Auto punjac Extreme Samsung D800.]]></naziv>
		<kategorija1><![CDATA[OPREMA ZA MOBILNI]]></kategorija1>
		<kategorija2><![CDATA[OUTLET]]></kategorija2>
		<kategorija3><![CDATA[PUNJACI OUTLET]]></kategorija3>
		<uvoznik>Digital Vision doo</uvoznik>
		<godinaUvoza>2025.</godinaUvoza>
		<zemljaPorekla>Kina</zemljaPorekla>
		<vpCena>76.23</vpCena>
		<mpCena>400.0000</mpCena>
		<dostupan>1</dostupan>
		<naAkciji>1</naAkciji>
		<opis><![CDATA[<p>Kompatibilnost: SGH-C170, D520, D800, D820, D830, D840, D900, D900i, E250, E390, E420, E500, E570, E590, E740, E780, E830, E840, E870, E900, E950, F300, F500, i600, J600i, M300, P300, P310, S730i, U100, U300, U600, U700, X530, X820, X830, Z400, Z400v, Z510, Z540, Z540v, Z560, Z720, ZV40.</p>]]></opis>
		<barKod></barKod>
		<slike>
			<slika><![CDATA[https://digitalvision.rs/p/42/42929/ap-extreme-sam-d800.png]]></slika>
		</slike>
	</artikal>
	<artikal>
		<id>42931</id>
		<sifra>1687</sifra>
		<naziv><![CDATA[Auto punjac Extreme B.Berry 8300 (V3 konekcija).]]></naziv>
		<kategorija1><![CDATA[OPREMA ZA MOBILNI]]></kategorija1>
		<kategorija2><![CDATA[OUTLET]]></kategorija2>
		<kategorija3><![CDATA[PUNJACI OUTLET]]></kategorija3>
		<uvoznik>Digital Vision doo</uvoznik>
		<godinaUvoza>2025.</godinaUvoza>
		<zemljaPorekla>Kina</zemljaPorekla>
		<vpCena>66.55</vpCena>
		<mpCena>400.0000</mpCena>
		<dostupan>1</dostupan>
		<naAkciji>1</naAkciji>
		<opis><![CDATA[]]></opis>
		<barKod>8605035973132</barKod>
		<slike>
			<slika><![CDATA[https://digitalvision.rs/p/42/42931/ap-extreme-bberry-8300-v3-konekcija.png]]></slika>
		</slike>
	</artikal>
	<artikal>
		<id>42934</id>
		<sifra>1690</sifra>
		<naziv><![CDATA[Auto punjac Extreme Nokia 7210.]]></naziv>
		<kategorija1><![CDATA[OPREMA ZA MOBILNI]]></kategorija1>
		<kategorija2><![CDATA[OUTLET]]></kategorija2>
		<kategorija3><![CDATA[PUNJACI OUTLET]]></kategorija3>
		<uvoznik>Digital Vision doo</uvoznik>
		<godinaUvoza>2025.</godinaUvoza>
		<zemljaPorekla>Kina</zemljaPorekla>
		<vpCena>96.8</vpCena>
		<mpCena>400.0000</mpCena>
		<dostupan>1</dostupan>
		<naAkciji>1</naAkciji>
		<opis><![CDATA[<p>Kompatibilnost: Nokia 3710f, 5630 XM, 6500c, 6700c, 6700c Illuvial, 7230, 7900 Crystal Prism, 7900 Prism, 8600 Luna, 8800 Arte, 8800 Carbon Arte, 8800 Gold Arte, 8800 Sapphire Arte, C5, E52, E55, E7, E72, E75, N85, N86 8MP, N900, N97, N97 Mini, X3</p>]]></opis>
		<barKod>8605036067618</barKod>
		<slike>
			<slika><![CDATA[https://digitalvision.rs/p/42/42934/ap-extreme-nok-7210.png]]></slika>
		</slike>
	</artikal>
	<artikal>
		<id>42935</id>
		<sifra>1691</sifra>
		<naziv><![CDATA[Auto punjac LG 7020.]]></naziv>
		<kategorija1><![CDATA[OPREMA ZA MOBILNI]]></kategorija1>
		<kategorija2><![CDATA[OUTLET]]></kategorija2>
		<kategorija3><![CDATA[PUNJACI OUTLET]]></kategorija3>
		<uvoznik>Digital Vision doo</uvoznik>
		<godinaUvoza>2025.</godinaUvoza>
		<zemljaPorekla>Kina</zemljaPorekla>
		<vpCena>76.23</vpCena>
		<mpCena>300.0000</mpCena>
		<dostupan>1</dostupan>
		<naAkciji>1</naAkciji>
		<opis><![CDATA[<p>Kompatibilno sa Lg telefonima:<br /><br />A7150, B2050, B2100, C1100, C1300, C1400, C2200,<br />C3100, C3300, C3310, C3320, C3380, C3400, F2100,<br />F2300, F2400, F2410, F3000, G1600, G5500, G7000,<br />G7020, G7030, G7050, G7200, KG220, KG225, L341i,<br />L342i, L343i, L1100, L1200, L1300, L3100, L5100,<br />S2100, S5100, S5200, T5100, U8100, U8110, U8120,<br />U8130, U8138, U8150, U8180, U8290, U8330, U8360,<br />U8380, U8390, U8500, U8550, U880, U900</p>]]></opis>
		<barKod></barKod>
		<slike>
			<slika><![CDATA[https://digitalvision.rs/p/42/42935/ap-lg-7020.png]]></slika>
		</slike>
	</artikal>
	<artikal>
		<id>42937</id>
		<sifra>1693</sifra>
		<naziv><![CDATA[Kucni punjac B. Berry 8300 (mini USB).]]></naziv>
		<kategorija1><![CDATA[OPREMA ZA MOBILNI]]></kategorija1>
		<kategorija2><![CDATA[OUTLET]]></kategorija2>
		<kategorija3><![CDATA[PUNJACI OUTLET]]></kategorija3>
		<uvoznik>Digital Vision doo</uvoznik>
		<godinaUvoza>2025.</godinaUvoza>
		<zemljaPorekla>Kina</zemljaPorekla>
		<vpCena>76.23</vpCena>
		<mpCena>450.0000</mpCena>
		<dostupan>1</dostupan>
		<naAkciji>1</naAkciji>
		<opis><![CDATA[]]></opis>
		<barKod>8605036075606</barKod>
		<slike>
			<slika><![CDATA[https://digitalvision.rs/p/42/42937/kp-b-berry-8300-mini-usb.png]]></slika>
		</slike>
	</artikal>
	<artikal>
		<id>42942</id>
		<sifra>1698</sifra>
		<naziv><![CDATA[Handsfree Extreme Nokia 6300.]]></naziv>
		<kategorija1><![CDATA[OPREMA ZA MOBILNI]]></kategorija1>
		<kategorija2><![CDATA[OUTLET]]></kategorija2>
		<kategorija3><![CDATA[SLUSALICE OUTLET]]></kategorija3>
		<uvoznik>Digital Vision doo</uvoznik>
		<godinaUvoza>2025.</godinaUvoza>
		<zemljaPorekla>Kina</zemljaPorekla>
		<vpCena>66.55</vpCena>
		<mpCena>500.0000</mpCena>
		<dostupan>1</dostupan>
		<naAkciji>1</naAkciji>
		<opis><![CDATA[slusalice <br>slusalica]]></opis>
		<barKod>8605026303931</barKod>
		<slike>
			<slika><![CDATA[https://digitalvision.rs/p/42/42942/handsfree-extreme-nok-6300-6062-20918.png]]></slika>
		</slike>
	</artikal>
	<artikal>
		<id>43140</id>
		<sifra>1898</sifra>
		<naziv><![CDATA[Xenon H11 4300k.]]></naziv>
		<kategorija1><![CDATA[OPREMA ZA MOBILNI]]></kategorija1>
		<kategorija2><![CDATA[OUTLET]]></kategorija2>
		<kategorija3><![CDATA[AUTO OPREMA OUTLET]]></kategorija3>
		<uvoznik>Digital Vision doo</uvoznik>
		<godinaUvoza>2025.</godinaUvoza>
		<zemljaPorekla>Kina</zemljaPorekla>
		<vpCena>1573</vpCena>
		<mpCena>.0000</mpCena>
		<dostupan>1</dostupan>
		<naAkciji>1</naAkciji>
		<opis><![CDATA[]]></opis>
		<barKod></barKod>
		<slike>
			<slika><![CDATA[https://digitalvision.rs/p/43/43140/xenon-h11-4300k.png]]></slika>
		</slike>
	</artikal>
	<artikal>
		<id>43141</id>
		<sifra>1899</sifra>
		<naziv><![CDATA[Xenon H3 4300K.]]></naziv>
		<kategorija1><![CDATA[OPREMA ZA MOBILNI]]></kategorija1>
		<kategorija2><![CDATA[OUTLET]]></kategorija2>
		<kategorija3><![CDATA[AUTO OPREMA OUTLET]]></kategorija3>
		<uvoznik>Digital Vision doo</uvoznik>
		<godinaUvoza>2025.</godinaUvoza>
		<zemljaPorekla>Kina</zemljaPorekla>
		<vpCena>1573</vpCena>
		<mpCena>.0000</mpCena>
		<dostupan>1</dostupan>
		<naAkciji>1</naAkciji>
		<opis><![CDATA[]]></opis>
		<barKod></barKod>
		<slike>
			<slika><![CDATA[https://digitalvision.rs/p/43/43141/xenon-h3-4300k.png]]></slika>
		</slike>
	</artikal>
	<artikal>
		<id>43151</id>
		<sifra>1904</sifra>
		<naziv><![CDATA[Kabel UTP patch 2m Cat5e .]]></naziv>
		<kategorija1><![CDATA[RACUNARSKA OPREMA]]></kategorija1>
		<kategorija2><![CDATA[ADAPTERI I KABLOVI]]></kategorija2>
		<kategorija3><![CDATA[UTP]]></kategorija3>
		<uvoznik>Digital Vision doo</uvoznik>
		<godinaUvoza>2025.</godinaUvoza>
		<zemljaPorekla>Kina</zemljaPorekla>
		<vpCena>42.35</vpCena>
		<mpCena>.0000</mpCena>
		<dostupan>1</dostupan>
		<naAkciji>0</naAkciji>
		<opis><![CDATA[<ul>
<li>LAN / mrežni kabel za spajanje uređaja Namenjen za 10/100/1000 Mbit mrežu Sa za&scaron;titom za utikač</li>
<li>Tip UTP PATCH</li>
<li>Priključak A 1 x RJ45</li>
<li>Priključak B 1 x RJ45</li>
<li>Dužina kabela 2 m</li>
<li>Boja Crvena</li>
<li>Kategorija CAT.5e</li>
<li>Provodnik Pobakreni aluminijumski (CCA)</li>
</ul>]]></opis>
		<barKod>8605036115623</barKod>
		<slike>
			<slika><![CDATA[https://digitalvision.rs/p/43/43151/kabel-utp-patch-2m-cat5e-c.png]]></slika>
		</slike>
	</artikal>
	<artikal>
		<id>43153</id>
		<sifra>1905</sifra>
		<naziv><![CDATA[Kabel UTP patch 5m Cat5e]]></naziv>
		<kategorija1><![CDATA[RACUNARSKA OPREMA]]></kategorija1>
		<kategorija2><![CDATA[ADAPTERI I KABLOVI]]></kategorija2>
		<kategorija3><![CDATA[UTP]]></kategorija3>
		<uvoznik>Digital Vision doo</uvoznik>
		<godinaUvoza>2025.</godinaUvoza>
		<zemljaPorekla>Kina</zemljaPorekla>
		<vpCena>93.17</vpCena>
		<mpCena>.0000</mpCena>
		<dostupan>1</dostupan>
		<naAkciji>0</naAkciji>
		<opis><![CDATA[<ul>
<li>LAN / mrežni kabel za spajanje uređaja Namenjen za 10/100/1000 Mbit mrežu Sa za&scaron;titom za utikač</li>
<li>Tip UTP PATCH</li>
<li>Priključak A 1 x RJ45</li>
<li>Priključak B 1 x RJ45</li>
<li>Dužina kabela 5 m</li>
<li>Boja Crvena</li>
<li>Kategorija CAT.5e</li>
<li>Provodnik Pobakreni aluminijumski (CCA)</li>
</ul>]]></opis>
		<barKod>8605035899357</barKod>
		<slike>
			<slika><![CDATA[https://digitalvision.rs/p/43/43153/kabel-utp-patch-5m-cat5e-c.png]]></slika>
		</slike>
	</artikal>
	<artikal>
		<id>43155</id>
		<sifra>1906</sifra>
		<naziv><![CDATA[Kabel UTP patch 30m Cat5e .]]></naziv>
		<kategorija1><![CDATA[RACUNARSKA OPREMA]]></kategorija1>
		<kategorija2><![CDATA[ADAPTERI I KABLOVI]]></kategorija2>
		<kategorija3><![CDATA[UTP]]></kategorija3>
		<uvoznik>Digital Vision doo</uvoznik>
		<godinaUvoza>2025.</godinaUvoza>
		<zemljaPorekla>Kina</zemljaPorekla>
		<vpCena>402.93</vpCena>
		<mpCena>.0000</mpCena>
		<dostupan>1</dostupan>
		<naAkciji>0</naAkciji>
		<opis><![CDATA[<ul>
<li>LAN / mrežni kabel za spajanje uređaja Namenjen za 10/100/1000 Mbit mrežu Sa za&scaron;titom za utikač</li>
<li>Tip UTP PATCH</li>
<li>Priključak A 1 x RJ45</li>
<li>Priključak B 1 x RJ45</li>
<li>Dužina kabela 30 m</li>
<li>Boja Crvena</li>
<li>Kategorija CAT.5e</li>
<li>Provodnik Pobakreni aluminijumski (CCA)</li>
</ul>]]></opis>
		<barKod>8605035899388</barKod>
		<slike>
			<slika><![CDATA[https://digitalvision.rs/p/43/43155/kabel-utp-patch-30m-cat5e-c.png]]></slika>
		</slike>
	</artikal>
	<artikal>
		<id>43159</id>
		<sifra>1908</sifra>
		<naziv><![CDATA[Kabel UTP patch 10m Cat5e .]]></naziv>
		<kategorija1><![CDATA[RACUNARSKA OPREMA]]></kategorija1>
		<kategorija2><![CDATA[ADAPTERI I KABLOVI]]></kategorija2>
		<kategorija3><![CDATA[UTP]]></kategorija3>
		<uvoznik>Digital Vision doo</uvoznik>
		<godinaUvoza>2025.</godinaUvoza>
		<zemljaPorekla>Kina</zemljaPorekla>
		<vpCena>229.9</vpCena>
		<mpCena>.0000</mpCena>
		<dostupan>1</dostupan>
		<naAkciji>0</naAkciji>
		<opis><![CDATA[<ul>
<li>LAN / mrežni kabel za spajanje uređaja Namenjen za 10/100/1000 Mbit mrežu Sa za&scaron;titom za utikač</li>
<li>Tip UTP PATCH</li>
<li>Priključak A 1 x RJ45</li>
<li>Priključak B 1 x RJ45</li>
<li>Dužina kabela 10 m</li>
<li>Boja Crvena</li>
<li>Kategorija CAT.5e</li>
<li>Provodnik Pobakreni aluminijumski (CCA)</li>
</ul>]]></opis>
		<barKod>8605035849871</barKod>
		<slike>
			<slika><![CDATA[https://digitalvision.rs/p/43/43159/kabel-utp-patch-10m-cat5e-c.png]]></slika>
		</slike>
	</artikal>
	<artikal>
		<id>43180</id>
		<sifra>1924</sifra>
		<naziv><![CDATA[Konektor UTP Cat5e muski]]></naziv>
		<kategorija1><![CDATA[RACUNARSKA OPREMA]]></kategorija1>
		<kategorija2><![CDATA[ADAPTERI I KABLOVI]]></kategorija2>
		<kategorija3><![CDATA[UTP]]></kategorija3>
		<uvoznik>Digital Vision doo</uvoznik>
		<godinaUvoza>2025.</godinaUvoza>
		<zemljaPorekla>Kina</zemljaPorekla>
		<vpCena>12.1</vpCena>
		<mpCena>.0000</mpCena>
		<dostupan>1</dostupan>
		<naAkciji>0</naAkciji>
		<opis><![CDATA[]]></opis>
		<barKod></barKod>
		<slike>
			<slika><![CDATA[https://digitalvision.rs/p/43/43180/konektor-utp-cat5e-muski.png]]></slika>
		</slike>
	</artikal>
	<artikal>
		<id>43265</id>
		<sifra>2005</sifra>
		<naziv><![CDATA[Video balun pasivni, par do 300m kolor]]></naziv>
		<kategorija1><![CDATA[SECURITY]]></kategorija1>
		<kategorija2><![CDATA[VIDEO NADZOR]]></kategorija2>
		<kategorija3><![CDATA[KONEKTORI I VIDEO BALUNI]]></kategorija3>
		<uvoznik>Digital Vision doo</uvoznik>
		<godinaUvoza>2025.</godinaUvoza>
		<zemljaPorekla>Kina</zemljaPorekla>
		<vpCena>499.73</vpCena>
		<mpCena>649.0000</mpCena>
		<dostupan>1</dostupan>
		<naAkciji>0</naAkciji>
		<opis><![CDATA[<p>Vrsta: pasivni video baluni (par)<br />Domet: do 300 m <br />Ostale funkcije: kolor</p>]]></opis>
		<barKod>8605035863280</barKod>
		<slike>
			<slika><![CDATA[https://digitalvision.rs/p/43/43265/video-balun-pasivni-par-do-300m-kolor.png]]></slika>
		</slike>
	</artikal>
	<artikal>
		<id>43267</id>
		<sifra>2007</sifra>
		<naziv><![CDATA[Video balun pasivni 4 chs (RJ-45 na 4xBNC)]]></naziv>
		<kategorija1><![CDATA[SECURITY]]></kategorija1>
		<kategorija2><![CDATA[VIDEO NADZOR]]></kategorija2>
		<kategorija3><![CDATA[KONEKTORI I VIDEO BALUNI]]></kategorija3>
		<uvoznik>Digital Vision doo</uvoznik>
		<godinaUvoza>2025.</godinaUvoza>
		<zemljaPorekla>Kina</zemljaPorekla>
		<vpCena>1425.38</vpCena>
		<mpCena>1947.0000</mpCena>
		<dostupan>1</dostupan>
		<naAkciji>0</naAkciji>
		<opis><![CDATA[<p>Video ulaz: BNC<br />Video izlaz: RJ45 <br />Konektori: 4 x BNC; 1 x RJ45</p>]]></opis>
		<barKod></barKod>
		<slike>
			<slika><![CDATA[https://digitalvision.rs/p/43/43267/video-balun-pasivni-4-chs-rj-45-na-4xbnc.png]]></slika>
		</slike>
	</artikal>
	<artikal>
		<id>43268</id>
		<sifra>2008</sifra>
		<naziv><![CDATA[Video balun NV-653T aktivni transmitter]]></naziv>
		<kategorija1><![CDATA[SECURITY]]></kategorija1>
		<kategorija2><![CDATA[VIDEO NADZOR]]></kategorija2>
		<kategorija3><![CDATA[KONEKTORI I VIDEO BALUNI]]></kategorija3>
		<uvoznik>Digital Vision doo</uvoznik>
		<godinaUvoza>2025.</godinaUvoza>
		<zemljaPorekla>Kina</zemljaPorekla>
		<vpCena>1900.91</vpCena>
		<mpCena>2077.0000</mpCena>
		<dostupan>1</dostupan>
		<naAkciji>0</naAkciji>
		<opis><![CDATA[<p>Tip: predajnik<br />Kapacitet: 1 Kanal<br />Audio podrska: ne <br />PTZ kontola: ne <br />Forma pakovanja: box</p>]]></opis>
		<barKod></barKod>
		<slike>
			<slika><![CDATA[https://digitalvision.rs/p/43/43268/video-balun-nv-653t-aktivni-transmitter.png]]></slika>
		</slike>
	</artikal>
	<artikal>
		<id>43269</id>
		<sifra>2009</sifra>
		<naziv><![CDATA[Video balun NV-652R aktivni reciever]]></naziv>
		<kategorija1><![CDATA[SECURITY]]></kategorija1>
		<kategorija2><![CDATA[VIDEO NADZOR]]></kategorija2>
		<kategorija3><![CDATA[KONEKTORI I VIDEO BALUNI]]></kategorija3>
		<uvoznik>Digital Vision doo</uvoznik>
		<godinaUvoza>2025.</godinaUvoza>
		<zemljaPorekla>Kina</zemljaPorekla>
		<vpCena>1543.96</vpCena>
		<mpCena>1687.0000</mpCena>
		<dostupan>1</dostupan>
		<naAkciji>0</naAkciji>
		<opis><![CDATA[<p>Tip: prijemnik<br />Kapacitet: 1 Kanal<br />Audio podrska: ne <br />PTZ kontola: ne <br />Forma pakovanja: box</p>]]></opis>
		<barKod></barKod>
		<slike>
			<slika><![CDATA[https://digitalvision.rs/p/43/43269/video-balun-nv-652r-aktivni-reciever.png]]></slika>
		</slike>
	</artikal>
	<artikal>
		<id>43454</id>
		<sifra>2166</sifra>
		<naziv><![CDATA[Baterija za Mot BN70 1140 mAh.]]></naziv>
		<kategorija1><![CDATA[OPREMA ZA MOBILNI]]></kategorija1>
		<kategorija2><![CDATA[BATERIJE]]></kategorija2>
		<kategorija3><![CDATA[BATERIJE OUTLET]]></kategorija3>
		<uvoznik>Digital Vision doo</uvoznik>
		<godinaUvoza>2025.</godinaUvoza>
		<zemljaPorekla>Kina</zemljaPorekla>
		<vpCena>121</vpCena>
		<mpCena>690.0000</mpCena>
		<dostupan>1</dostupan>
		<naAkciji>1</naAkciji>
		<opis><![CDATA[<p>Standard zamenska baterija za Motorolu.</p><p>Garancija: 6 meseci</p>]]></opis>
		<barKod></barKod>
		<slike>
			<slika><![CDATA[https://digitalvision.rs/p/43/43454/bat-mot-bn70.png]]></slika>
		</slike>
	</artikal>
	<artikal>
		<id>43456</id>
		<sifra>2168</sifra>
		<naziv><![CDATA[Baterija za Nokia BL-4J (C6-00) 750 mAh.]]></naziv>
		<kategorija1><![CDATA[OPREMA ZA MOBILNI]]></kategorija1>
		<kategorija2><![CDATA[BATERIJE]]></kategorija2>
		<kategorija3><![CDATA[BATERIJE OUTLET]]></kategorija3>
		<uvoznik>Digital Vision doo</uvoznik>
		<godinaUvoza>2025.</godinaUvoza>
		<zemljaPorekla>Kina</zemljaPorekla>
		<vpCena>127.05</vpCena>
		<mpCena>690.0000</mpCena>
		<dostupan>1</dostupan>
		<naAkciji>1</naAkciji>
		<opis><![CDATA[<p>Standard zamenska baterija za Nokiu.</p><p>Garancija: 6 meseci</p>]]></opis>
		<barKod></barKod>
		<slike>
			<slika><![CDATA[https://digitalvision.rs/p/43/43456/bat-nok-bl-4j-c6-00.png]]></slika>
		</slike>
	</artikal>
	<artikal>
		<id>43507</id>
		<sifra>2224</sifra>
		<naziv><![CDATA[BGA sito iPhone/ HTC]]></naziv>
		<kategorija1><![CDATA[OPREMA ZA MOBILNI]]></kategorija1>
		<kategorija2><![CDATA[ALATI]]></kategorija2>
		<kategorija3><![CDATA[ALATI OUTLET]]></kategorija3>
		<uvoznik>Digital Vision doo</uvoznik>
		<godinaUvoza>2025.</godinaUvoza>
		<zemljaPorekla>Kina</zemljaPorekla>
		<vpCena>24.2</vpCena>
		<mpCena>.0000</mpCena>
		<dostupan>1</dostupan>
		<naAkciji>1</naAkciji>
		<opis><![CDATA[]]></opis>
		<barKod></barKod>
		<slike>
			<slika><![CDATA[https://digitalvision.rs/p/43/43507/bga-sito-iphone-htc-6682-47082.png]]></slika>
		</slike>
	</artikal>
	<artikal>
		<id>134868</id>
		<sifra>049781</sifra>
		<naziv><![CDATA[Maska Giulietta za Samsung S21/ G991B mat crna]]></naziv>
		<kategorija1><![CDATA[OPREMA ZA MOBILNI]]></kategorija1>
		<kategorija2><![CDATA[MASKE]]></kategorija2>
		<kategorija3><![CDATA[GIULIETTA]]></kategorija3>
		<uvoznik>Digital Vision doo</uvoznik>
		<godinaUvoza>2025.</godinaUvoza>
		<zemljaPorekla>Kina</zemljaPorekla>
		<vpCena>242</vpCena>
		<mpCena>.0000</mpCena>
		<dostupan>1</dostupan>
		<naAkciji>0</naAkciji>
		<opis><![CDATA[<p>Tanka silikonska maskica &ndash; odlicno prijanja na telefon, &scaron;titi uglove od udaraca.<br />Blago bru&scaron;en zadnji deo maskice otežava klizanje telefona iz ruke.<br />Kvalitet koji garantuje brend Teracell.</p><p>Maskica je za navedeni model telefona iz naziva.<br />Zbog velikog broja modela, slike u opisu proizvoda su ilustrativnog karaktera i mogu se razlikovati od maskice za konkretan model telefona. <br />Trudimo se da prva slika prikazuje maskicu koja se prodaje, dok ostale slike služe za bolji prikaz dizajna, boja i drugih karakteristika proizvoda. <br />Ukoliko imate bilo kakva pitanja o izgledu ili kompatibilnosti maskice, slobodno nas kontaktirajte.</p>]]></opis>
		<barKod>8600849030583</barKod>
		<slike>
			<slika><![CDATA[https://digitalvision.rs/p/13/134868/maska-giulietta-samsung-g991b-s21-mat-crna-145718-162800.png]]></slika>
		</slike>
	</artikal>
	<artikal>
		<id>134873</id>
		<sifra>049786</sifra>
		<naziv><![CDATA[Maska Giulietta za Samsung S21 Plus/ G99B / S30 Plus mat crna]]></naziv>
		<kategorija1><![CDATA[OPREMA ZA MOBILNI]]></kategorija1>
		<kategorija2><![CDATA[MASKE OUTLET]]></kategorija2>
		<kategorija3><![CDATA[SAMSUNG MASKE OUTLET]]></kategorija3>
		<uvoznik>Digital Vision doo</uvoznik>
		<godinaUvoza>2025.</godinaUvoza>
		<zemljaPorekla>Kina</zemljaPorekla>
		<vpCena>102.85</vpCena>
		<mpCena>.0000</mpCena>
		<dostupan>1</dostupan>
		<naAkciji>1</naAkciji>
		<opis><![CDATA[<p>Tanka silikonska maskica &ndash; odlicno prijanja na telefon, &scaron;titi uglove od udaraca.<br />Blago bru&scaron;en zadnji deo maskice otežava klizanje telefona iz ruke.<br />Kvalitet koji garantuje brend Teracell.</p><p>&nbsp;</p>
<p><span>Maskica je za navedeni model telefona iz naziva.</span><br /><span>Zbog velikog broja modela, slike u opisu proizvoda su ilustrativnog karaktera i mogu se razlikovati od maskice za konkretan model telefona.</span><br /><span>Trudimo se da prva slika prikazuje maskicu koja se prodaje, dok ostale slike služe za bolji prikaz dizajna, boja i drugih karakteristika proizvoda.</span><br /><span>Ukoliko imate bilo kakva pitanja o izgledu ili kompatibilnosti maskice, slobodno nas kontaktirajte.</span></p>]]></opis>
		<barKod>8600849040827</barKod>
		<slike>
			<slika><![CDATA[https://digitalvision.rs/p/13/134873/maska-giulietta-samsung-g996b-s21-plus-mat-crna-145724-162805.png]]></slika>
		</slike>
	</artikal>
	<artikal>
		<id>134874</id>
		<sifra>049787</sifra>
		<naziv><![CDATA[Maska Giulietta za Samsung S21 Plus/ G99B / S30 Plus mat crvena]]></naziv>
		<kategorija1><![CDATA[OPREMA ZA MOBILNI]]></kategorija1>
		<kategorija2><![CDATA[MASKE OUTLET]]></kategorija2>
		<kategorija3><![CDATA[SAMSUNG MASKE OUTLET]]></kategorija3>
		<uvoznik>Digital Vision doo</uvoznik>
		<godinaUvoza>2025.</godinaUvoza>
		<zemljaPorekla>Kina</zemljaPorekla>
		<vpCena>102.85</vpCena>
		<mpCena>.0000</mpCena>
		<dostupan>1</dostupan>
		<naAkciji>1</naAkciji>
		<opis><![CDATA[<p>Tanka silikonska maskica &ndash; odlicno prijanja na telefon, &scaron;titi uglove od udaraca.<br />Blago bru&scaron;en zadnji deo maskice otežava klizanje telefona iz ruke.<br />Kvalitet koji garantuje brend Teracell.</p><p>&nbsp;</p>
<p><span>Maskica je za navedeni model telefona iz naziva.</span><br /><span>Zbog velikog broja modela, slike u opisu proizvoda su ilustrativnog karaktera i mogu se razlikovati od maskice za konkretan model telefona.</span><br /><span>Trudimo se da prva slika prikazuje maskicu koja se prodaje, dok ostale slike služe za bolji prikaz dizajna, boja i drugih karakteristika proizvoda.</span><br /><span>Ukoliko imate bilo kakva pitanja o izgledu ili kompatibilnosti maskice, slobodno nas kontaktirajte.</span></p>]]></opis>
		<barKod>8600849040834</barKod>
		<slike>
			<slika><![CDATA[https://digitalvision.rs/p/13/134874/maska-giulietta-samsung-g996b-s21-plus-mat-crvena-145725-162806.png]]></slika>
		</slike>
	</artikal>
	<artikal>
		<id>134875</id>
		<sifra>049788</sifra>
		<naziv><![CDATA[Maska Giulietta za Samsung S21 Plus/ G99B / S30 Plus mat ljubicasta]]></naziv>
		<kategorija1><![CDATA[OPREMA ZA MOBILNI]]></kategorija1>
		<kategorija2><![CDATA[MASKE OUTLET]]></kategorija2>
		<kategorija3><![CDATA[SAMSUNG MASKE OUTLET]]></kategorija3>
		<uvoznik>Digital Vision doo</uvoznik>
		<godinaUvoza>2025.</godinaUvoza>
		<zemljaPorekla>Kina</zemljaPorekla>
		<vpCena>102.85</vpCena>
		<mpCena>.0000</mpCena>
		<dostupan>1</dostupan>
		<naAkciji>1</naAkciji>
		<opis><![CDATA[<p>Tanka silikonska maskica &ndash; odlicno prijanja na telefon, &scaron;titi uglove od udaraca.<br />Blago bru&scaron;en zadnji deo maskice otežava klizanje telefona iz ruke.<br />Kvalitet koji garantuje brend Teracell.</p><p>&nbsp;</p>
<p><span>Maskica je za navedeni model telefona iz naziva.</span><br /><span>Zbog velikog broja modela, slike u opisu proizvoda su ilustrativnog karaktera i mogu se razlikovati od maskice za konkretan model telefona.</span><br /><span>Trudimo se da prva slika prikazuje maskicu koja se prodaje, dok ostale slike služe za bolji prikaz dizajna, boja i drugih karakteristika proizvoda.</span><br /><span>Ukoliko imate bilo kakva pitanja o izgledu ili kompatibilnosti maskice, slobodno nas kontaktirajte.</span></p>]]></opis>
		<barKod>8600849040841</barKod>
		<slike>
			<slika><![CDATA[https://digitalvision.rs/p/13/134875/maska-giulietta-samsung-g996b-s21-plus-mat-ljubicasta-145726-162807.png]]></slika>
		</slike>
	</artikal>
	
	<artikal>
		<id>164087</id>
		<sifra>AG7323</sifra>
		<naziv><![CDATA[Renata 389/1130/189/AG10  1,55 srebro oksid]]></naziv>
		<kategorija1><![CDATA[GADGETS]]></kategorija1>
		<kategorija2><![CDATA[BATERIJE ZA UREDJAJE]]></kategorija2>
		<kategorija3><![CDATA[RENATA]]></kategorija3>
		<uvoznik>Digital Vision doo</uvoznik>
		<godinaUvoza>2025.</godinaUvoza>
		<zemljaPorekla>Kina</zemljaPorekla>
		<vpCena>147.62</vpCena>
		<mpCena>.0000</mpCena>
		<dostupan>1</dostupan>
		<naAkciji>1</naAkciji>
		<opis><![CDATA[]]></opis>
		<barKod></barKod>
		<slike>
		</slike>
	</artikal>
</artikli>
